,Gender,Married,Dependents,Education,Self_Employed,ApplicantIncome,CoapplicantIncome,Num_of_Borrowers,LoanAmount,Loan_Amount_Term,Credit_History,Property_Area,Loan_Status
0,Male,No,0,Graduate,No,5849,0.0,1,149.2970430107527,360.0,1.0,Urban,Y
1,Male,Yes,1,Graduate,No,4583,1508.0,2,128.0,360.0,1.0,Rural,N
2,Male,Yes,0,Graduate,Yes,3000,0.0,1,66.0,360.0,1.0,Urban,Y
3,Male,Yes,0,Not Graduate,No,2583,2358.0,2,120.0,360.0,1.0,Urban,Y
4,Male,No,0,Graduate,No,6000,0.0,1,141.0,360.0,1.0,Urban,Y
5,Male,Yes,2,Graduate,Yes,5417,4196.0,2,267.0,360.0,1.0,Urban,Y
6,Male,Yes,0,Not Graduate,No,2333,1516.0,2,95.0,360.0,1.0,Urban,Y
7,Male,Yes,3+,Graduate,No,3036,2504.0,2,158.0,360.0,0.0,Semiurban,N
8,Male,Yes,2,Graduate,No,4006,1526.0,2,168.0,360.0,1.0,Urban,Y
9,Male,Yes,1,Graduate,No,12841,10968.0,2,349.0,360.0,1.0,Semiurban,N
10,Male,Yes,2,Graduate,No,3200,700.0,2,70.0,360.0,1.0,Urban,Y
11,Male,Yes,2,Graduate,No,2500,1840.0,2,109.0,360.0,1.0,Urban,Y
12,Male,Yes,2,Graduate,No,3073,8106.0,2,200.0,360.0,1.0,Urban,Y
13,Male,No,0,Graduate,No,1853,2840.0,2,114.0,360.0,1.0,Rural,N
14,Male,Yes,2,Graduate,No,1299,1086.0,2,17.0,120.0,1.0,Urban,Y
15,Male,No,0,Graduate,No,4950,0.0,1,125.0,360.0,1.0,Urban,Y
16,Male,No,1,Not Graduate,No,3596,0.0,1,100.0,240.0,1.0,Urban,Y
17,Female,No,0,Graduate,No,3510,0.0,1,76.0,360.0,0.0,Urban,N
18,Male,Yes,0,Not Graduate,No,4887,0.0,1,133.0,360.0,1.0,Rural,N
19,Male,Yes,0,Graduate,No,2600,3500.0,2,115.0,60.0,1.0,Urban,Y
20,Male,Yes,0,Not Graduate,No,7660,0.0,1,104.0,360.0,0.0,Urban,N
21,Male,Yes,1,Graduate,No,5955,5625.0,2,315.0,360.0,1.0,Urban,Y
22,Male,Yes,0,Not Graduate,No,2600,1911.0,2,116.0,360.0,0.0,Semiurban,N
23,Male,Yes,2,Not Graduate,No,3365,1917.0,2,112.0,360.0,0.0,Rural,N
24,Male,Yes,1,Graduate,No,3717,2925.0,2,151.0,360.0,1.0,Semiurban,N
25,Male,Yes,0,Graduate,Yes,9560,0.0,1,191.0,360.0,1.0,Semiurban,Y
26,Male,Yes,0,Graduate,No,2799,2253.0,2,122.0,360.0,1.0,Semiurban,Y
27,Male,Yes,2,Not Graduate,No,4226,1040.0,2,110.0,360.0,1.0,Urban,Y
28,Male,No,0,Not Graduate,No,1442,0.0,1,35.0,360.0,1.0,Urban,N
29,Female,No,2,Graduate,No,3750,2083.0,2,120.0,360.0,1.0,Semiurban,Y
30,Male,Yes,1,Graduate,No,4166,3369.0,2,201.0,360.0,1.0,Urban,N
31,Male,No,0,Graduate,No,3167,0.0,1,74.0,360.0,1.0,Urban,N
32,Male,No,1,Graduate,Yes,4692,0.0,1,106.0,360.0,1.0,Rural,N
33,Male,Yes,0,Graduate,No,3500,1667.0,2,114.0,360.0,1.0,Semiurban,Y
34,Male,No,3+,Graduate,No,12500,3000.0,2,320.0,360.0,1.0,Rural,N
35,Male,Yes,0,Graduate,No,2275,2067.0,2,149.2970430107527,360.0,1.0,Urban,Y
36,Male,Yes,0,Graduate,No,1828,1330.0,2,100.0,84.0,0.0,Urban,N
37,Female,Yes,0,Graduate,No,3667,1459.0,2,144.0,360.0,1.0,Semiurban,Y
38,Male,No,0,Graduate,No,4166,7210.0,2,184.0,360.0,1.0,Urban,Y
39,Male,No,0,Not Graduate,No,3748,1668.0,2,110.0,360.0,1.0,Semiurban,Y
40,Male,No,0,Graduate,No,3600,0.0,1,80.0,360.0,1.0,Urban,N
41,Male,No,0,Graduate,No,1800,1213.0,2,47.0,360.0,1.0,Urban,Y
42,Male,Yes,0,Graduate,No,2400,0.0,1,75.0,360.0,1.0,Urban,Y
43,Male,Yes,0,Graduate,No,3941,2336.0,2,134.0,360.0,1.0,Semiurban,Y
44,Male,Yes,0,Not Graduate,Yes,4695,0.0,1,96.0,36.0,1.0,Urban,Y
45,Female,No,0,Graduate,No,3410,0.0,1,88.0,36.0,1.0,Urban,Y
46,Male,Yes,1,Graduate,No,5649,0.0,1,44.0,360.0,1.0,Urban,Y
47,Male,Yes,0,Graduate,No,5821,0.0,1,144.0,360.0,1.0,Urban,Y
48,Female,Yes,0,Graduate,No,2645,3440.0,2,120.0,360.0,0.0,Urban,N
49,Female,No,0,Graduate,No,4000,2275.0,2,144.0,360.0,1.0,Semiurban,Y
50,Female,Yes,0,Not Graduate,No,1928,1644.0,2,100.0,360.0,1.0,Semiurban,Y
51,Female,No,0,Graduate,No,3086,0.0,1,120.0,360.0,1.0,Semiurban,Y
52,Female,No,0,Graduate,No,4230,0.0,1,112.0,360.0,1.0,Semiurban,N
53,Male,Yes,2,Graduate,No,4616,0.0,1,134.0,360.0,1.0,Urban,N
54,Female,Yes,1,Graduate,Yes,11500,0.0,1,286.0,360.0,0.0,Urban,N
55,Male,Yes,2,Graduate,No,2708,1167.0,2,97.0,360.0,1.0,Semiurban,Y
56,Male,Yes,0,Graduate,No,2132,1591.0,2,96.0,360.0,1.0,Semiurban,Y
57,Male,Yes,0,Graduate,No,3366,2200.0,2,135.0,360.0,1.0,Rural,N
58,Male,Yes,1,Graduate,No,8080,2250.0,2,180.0,360.0,1.0,Urban,Y
59,Male,Yes,2,Not Graduate,No,3357,2859.0,2,144.0,360.0,1.0,Urban,Y
60,Male,Yes,0,Graduate,No,2500,3796.0,2,120.0,360.0,1.0,Urban,Y
61,Male,Yes,3+,Graduate,No,3029,0.0,1,99.0,360.0,1.0,Urban,Y
62,Male,Yes,0,Not Graduate,Yes,2609,3449.0,2,165.0,180.0,0.0,Rural,N
63,Male,Yes,1,Graduate,No,4945,0.0,1,149.2970430107527,360.0,0.0,Rural,N
64,Female,No,0,Graduate,No,4166,0.0,1,116.0,360.0,0.0,Semiurban,N
65,Male,Yes,0,Graduate,No,5726,4595.0,2,258.0,360.0,1.0,Semiurban,N
66,Male,No,0,Not Graduate,No,3200,2254.0,2,126.0,180.0,0.0,Urban,N
67,Male,Yes,1,Graduate,No,10750,0.0,1,312.0,360.0,1.0,Urban,Y
68,Male,Yes,3+,Not Graduate,Yes,7100,0.0,1,125.0,60.0,1.0,Urban,Y
69,Female,No,0,Graduate,No,4300,0.0,1,136.0,360.0,0.0,Semiurban,N
70,Male,Yes,0,Graduate,No,3208,3066.0,2,172.0,360.0,1.0,Urban,Y
71,Male,Yes,2,Not Graduate,Yes,1875,1875.0,2,97.0,360.0,1.0,Semiurban,Y
72,Male,No,0,Graduate,No,3500,0.0,1,81.0,300.0,1.0,Semiurban,Y
73,Male,Yes,3+,Not Graduate,No,4755,0.0,1,95.0,36.0,0.0,Semiurban,N
74,Male,Yes,3+,Graduate,Yes,5266,1774.0,2,187.0,360.0,1.0,Semiurban,Y
75,Male,No,0,Graduate,No,3750,0.0,1,113.0,480.0,1.0,Urban,N
76,Male,No,0,Graduate,No,3750,4750.0,2,176.0,360.0,1.0,Urban,N
77,Male,Yes,1,Graduate,Yes,1000,3022.0,2,110.0,360.0,1.0,Urban,N
78,Male,Yes,3+,Graduate,No,3167,4000.0,2,180.0,300.0,0.0,Semiurban,N
79,Male,Yes,3+,Not Graduate,Yes,3333,2166.0,2,130.0,360.0,1.0,Semiurban,Y
80,Female,No,0,Graduate,No,3846,0.0,1,111.0,360.0,1.0,Semiurban,Y
81,Male,Yes,1,Graduate,Yes,2395,0.0,1,149.2970430107527,360.0,1.0,Semiurban,Y
82,Female,Yes,2,Graduate,No,1378,1881.0,2,167.0,360.0,1.0,Urban,N
83,Male,Yes,0,Graduate,No,6000,2250.0,2,265.0,360.0,1.0,Semiurban,N
84,Male,Yes,1,Graduate,No,3988,0.0,1,50.0,240.0,1.0,Urban,Y
85,Male,No,0,Graduate,No,2366,2531.0,2,136.0,360.0,1.0,Semiurban,Y
86,Male,Yes,2,Not Graduate,No,3333,2000.0,2,99.0,360.0,1.0,Semiurban,Y
87,Male,Yes,0,Graduate,No,2500,2118.0,2,104.0,360.0,1.0,Semiurban,Y
88,Male,No,0,Graduate,No,8566,0.0,1,210.0,360.0,1.0,Urban,Y
89,Male,Yes,0,Graduate,No,5695,4167.0,2,175.0,360.0,1.0,Semiurban,Y
90,Male,Yes,0,Graduate,No,2958,2900.0,2,131.0,360.0,1.0,Semiurban,Y
91,Male,Yes,2,Graduate,No,6250,5654.0,2,188.0,180.0,1.0,Semiurban,Y
92,Male,Yes,2,Not Graduate,No,3273,1820.0,2,81.0,360.0,1.0,Urban,Y
93,Male,No,0,Graduate,No,4133,0.0,1,122.0,360.0,1.0,Semiurban,Y
94,Male,No,0,Not Graduate,No,3620,0.0,1,25.0,120.0,1.0,Semiurban,Y
95,Male,No,0,Graduate,No,6782,0.0,1,149.2970430107527,360.0,1.0,Urban,N
96,Female,Yes,0,Graduate,No,2484,2302.0,2,137.0,360.0,1.0,Semiurban,Y
97,Male,Yes,0,Graduate,No,1977,997.0,2,50.0,360.0,1.0,Semiurban,Y
98,Male,Yes,0,Not Graduate,No,4188,0.0,1,115.0,180.0,1.0,Semiurban,Y
99,Male,Yes,0,Graduate,No,1759,3541.0,2,131.0,360.0,1.0,Semiurban,Y
100,Male,Yes,2,Not Graduate,No,4288,3263.0,2,133.0,180.0,1.0,Urban,Y
101,Male,No,0,Graduate,No,4843,3806.0,2,151.0,360.0,1.0,Semiurban,Y
102,Male,Yes,0,Graduate,No,13650,0.0,1,149.2970430107527,360.0,1.0,Urban,Y
103,Male,Yes,0,Graduate,No,4652,3583.0,2,149.2970430107527,360.0,1.0,Semiurban,Y
104,Male,Yes,0,Graduate,No,3816,754.0,2,160.0,360.0,1.0,Urban,Y
105,Male,Yes,1,Graduate,No,3052,1030.0,2,100.0,360.0,1.0,Urban,Y
106,Male,Yes,2,Graduate,No,11417,1126.0,2,225.0,360.0,1.0,Urban,Y
107,Male,No,0,Not Graduate,No,7333,0.0,1,120.0,360.0,1.0,Rural,N
108,Male,Yes,2,Graduate,No,3800,3600.0,2,216.0,360.0,0.0,Urban,N
109,Male,Yes,3+,Not Graduate,No,2071,754.0,2,94.0,480.0,1.0,Semiurban,Y
110,Male,No,0,Graduate,No,5316,0.0,1,136.0,360.0,1.0,Urban,Y
111,Female,Yes,0,Graduate,No,2929,2333.0,2,139.0,360.0,1.0,Semiurban,Y
112,Male,Yes,0,Not Graduate,No,3572,4114.0,2,152.0,180.0,0.0,Rural,N
113,Female,No,1,Graduate,Yes,7451,0.0,1,149.2970430107527,360.0,1.0,Semiurban,Y
114,Male,No,0,Graduate,No,5050,0.0,1,118.0,360.0,1.0,Semiurban,Y
115,Male,Yes,1,Graduate,No,14583,0.0,1,185.0,180.0,1.0,Rural,Y
116,Female,Yes,0,Graduate,No,3167,2283.0,2,154.0,360.0,1.0,Semiurban,Y
117,Male,Yes,1,Graduate,No,2214,1398.0,2,85.0,360.0,1.0,Urban,Y
118,Male,Yes,0,Graduate,No,5568,2142.0,2,175.0,360.0,1.0,Rural,N
119,Female,No,0,Graduate,No,10408,0.0,1,259.0,360.0,1.0,Urban,Y
120,Male,Yes,0,Graduate,No,5667,2667.0,2,180.0,360.0,1.0,Rural,Y
121,Female,No,0,Graduate,No,4166,0.0,1,44.0,360.0,1.0,Semiurban,Y
122,Female,No,0,Graduate,No,2137,8980.0,2,137.0,360.0,0.0,Semiurban,Y
123,Male,Yes,2,Graduate,No,2957,0.0,1,81.0,360.0,1.0,Semiurban,Y
124,Male,Yes,0,Not Graduate,No,4300,2014.0,2,194.0,360.0,1.0,Rural,Y
125,Female,No,0,Graduate,No,3692,0.0,1,93.0,360.0,1.0,Rural,Y
126,Male,Yes,3+,Graduate,No,23803,0.0,1,370.0,360.0,1.0,Rural,Y
127,Male,No,0,Graduate,No,3865,1640.0,2,149.2970430107527,360.0,1.0,Rural,Y
128,Male,Yes,1,Graduate,Yes,10513,3850.0,2,160.0,180.0,0.0,Urban,N
129,Male,Yes,0,Graduate,No,6080,2569.0,2,182.0,360.0,1.0,Rural,N
130,Male,No,0,Graduate,Yes,20166,0.0,1,650.0,480.0,1.0,Urban,Y
131,Male,No,0,Graduate,No,2014,1929.0,2,74.0,360.0,1.0,Urban,Y
132,Male,No,0,Graduate,No,2718,0.0,1,70.0,360.0,1.0,Semiurban,Y
133,Male,Yes,0,Graduate,Yes,3459,0.0,1,25.0,120.0,1.0,Semiurban,Y
134,Male,No,0,Graduate,No,4895,0.0,1,102.0,360.0,1.0,Semiurban,Y
135,Male,Yes,3+,Graduate,No,4000,7750.0,2,290.0,360.0,1.0,Semiurban,N
136,Female,Yes,0,Graduate,No,4583,0.0,1,84.0,360.0,1.0,Rural,N
137,Male,Yes,2,Graduate,Yes,3316,3500.0,2,88.0,360.0,1.0,Urban,Y
138,Male,No,0,Graduate,No,14999,0.0,1,242.0,360.0,0.0,Semiurban,N
139,Male,Yes,2,Not Graduate,No,4200,1430.0,2,129.0,360.0,1.0,Rural,N
140,Male,Yes,2,Graduate,No,5042,2083.0,2,185.0,360.0,1.0,Rural,N
141,Male,No,0,Graduate,No,5417,0.0,1,168.0,360.0,1.0,Urban,Y
142,Male,No,0,Graduate,Yes,6950,0.0,1,175.0,180.0,1.0,Semiurban,Y
143,Male,Yes,0,Graduate,No,2698,2034.0,2,122.0,360.0,1.0,Semiurban,Y
144,Male,Yes,2,Graduate,No,11757,0.0,1,187.0,180.0,1.0,Urban,Y
145,Female,Yes,0,Graduate,No,2330,4486.0,2,100.0,360.0,1.0,Semiurban,Y
146,Female,Yes,2,Graduate,No,14866,0.0,1,70.0,360.0,1.0,Urban,Y
147,Male,Yes,1,Graduate,No,1538,1425.0,2,30.0,360.0,1.0,Urban,Y
148,Female,No,0,Graduate,No,10000,1666.0,2,225.0,360.0,1.0,Rural,N
149,Male,Yes,0,Graduate,No,4860,830.0,2,125.0,360.0,1.0,Semiurban,Y
150,Male,No,0,Graduate,No,6277,0.0,1,118.0,360.0,0.0,Rural,N
151,Male,Yes,0,Graduate,Yes,2577,3750.0,2,152.0,360.0,1.0,Rural,Y
152,Male,No,0,Graduate,No,9166,0.0,1,244.0,360.0,1.0,Urban,N
153,Male,Yes,2,Not Graduate,No,2281,0.0,1,113.0,360.0,1.0,Rural,N
154,Male,No,0,Graduate,No,3254,0.0,1,50.0,360.0,1.0,Urban,Y
155,Male,Yes,3+,Graduate,No,39999,0.0,1,600.0,180.0,0.0,Semiurban,Y
156,Male,Yes,1,Graduate,No,6000,0.0,1,160.0,360.0,1.0,Rural,Y
157,Male,Yes,1,Graduate,No,9538,0.0,1,187.0,360.0,1.0,Urban,Y
158,Male,No,0,Graduate,No,2980,2083.0,2,120.0,360.0,1.0,Rural,Y
159,Male,Yes,0,Graduate,No,4583,5625.0,2,255.0,360.0,1.0,Semiurban,Y
160,Male,Yes,0,Not Graduate,No,1863,1041.0,2,98.0,360.0,1.0,Semiurban,Y
161,Male,Yes,0,Graduate,No,7933,0.0,1,275.0,360.0,1.0,Urban,N
162,Male,Yes,1,Graduate,No,3089,1280.0,2,121.0,360.0,0.0,Semiurban,N
163,Male,Yes,2,Graduate,No,4167,1447.0,2,158.0,360.0,1.0,Rural,Y
164,Male,Yes,0,Graduate,No,9323,0.0,1,75.0,180.0,1.0,Urban,Y
165,Male,Yes,0,Graduate,No,3707,3166.0,2,182.0,240.0,1.0,Rural,Y
166,Female,Yes,0,Graduate,No,4583,0.0,1,112.0,360.0,1.0,Rural,N
167,Male,Yes,0,Graduate,No,2439,3333.0,2,129.0,360.0,1.0,Rural,Y
168,Male,No,0,Graduate,No,2237,0.0,1,63.0,480.0,0.0,Semiurban,N
169,Male,Yes,2,Graduate,No,8000,0.0,1,200.0,360.0,1.0,Semiurban,Y
170,Male,Yes,0,Not Graduate,No,1820,1769.0,2,95.0,360.0,1.0,Rural,Y
171,Male,Yes,3+,Graduate,No,51763,0.0,1,700.0,300.0,1.0,Urban,Y
172,Male,Yes,3+,Not Graduate,No,3522,0.0,1,81.0,180.0,1.0,Rural,N
173,Male,Yes,0,Graduate,No,5708,5625.0,2,187.0,360.0,1.0,Semiurban,Y
174,Male,Yes,0,Not Graduate,Yes,4344,736.0,2,87.0,360.0,1.0,Semiurban,N
175,Male,Yes,0,Graduate,No,3497,1964.0,2,116.0,360.0,1.0,Rural,Y
176,Male,Yes,2,Graduate,No,2045,1619.0,2,101.0,360.0,1.0,Rural,Y
177,Male,Yes,3+,Graduate,No,5516,11300.0,2,495.0,360.0,0.0,Semiurban,N
178,Male,Yes,1,Graduate,No,3750,0.0,1,116.0,360.0,1.0,Semiurban,Y
179,Male,No,0,Not Graduate,No,2333,1451.0,2,102.0,480.0,0.0,Urban,N
180,Male,Yes,1,Graduate,No,6400,7250.0,2,180.0,360.0,0.0,Urban,N
181,Male,No,0,Graduate,No,1916,5063.0,2,67.0,360.0,1.0,Rural,N
182,Male,Yes,0,Graduate,No,4600,0.0,1,73.0,180.0,1.0,Semiurban,Y
183,Male,Yes,1,Graduate,No,33846,0.0,1,260.0,360.0,1.0,Semiurban,N
184,Female,Yes,0,Graduate,No,3625,0.0,1,108.0,360.0,1.0,Semiurban,Y
185,Male,Yes,0,Graduate,Yes,39147,4750.0,2,120.0,360.0,1.0,Semiurban,Y
186,Male,Yes,1,Graduate,Yes,2178,0.0,1,66.0,300.0,0.0,Rural,N
187,Male,Yes,0,Graduate,No,2383,2138.0,2,58.0,360.0,1.0,Rural,Y
188,Male,Yes,0,Graduate,Yes,674,5296.0,2,168.0,360.0,1.0,Rural,Y
189,Male,Yes,0,Graduate,No,9328,0.0,1,188.0,180.0,1.0,Rural,Y
190,Male,No,0,Not Graduate,No,4885,0.0,1,48.0,360.0,1.0,Rural,Y
191,Male,No,0,Graduate,No,12000,0.0,1,164.0,360.0,1.0,Semiurban,N
192,Male,Yes,0,Not Graduate,No,6033,0.0,1,160.0,360.0,1.0,Urban,N
193,Male,No,0,Graduate,No,3858,0.0,1,76.0,360.0,1.0,Semiurban,Y
194,Male,No,0,Graduate,No,4191,0.0,1,120.0,360.0,1.0,Rural,Y
195,Male,Yes,1,Graduate,No,3125,2583.0,2,170.0,360.0,1.0,Semiurban,N
196,Male,No,0,Graduate,No,8333,3750.0,2,187.0,360.0,1.0,Rural,Y
197,Female,No,0,Not Graduate,No,1907,2365.0,2,120.0,60.0,1.0,Urban,Y
198,Female,Yes,0,Graduate,No,3416,2816.0,2,113.0,360.0,1.0,Semiurban,Y
199,Male,No,0,Graduate,Yes,11000,0.0,1,83.0,360.0,1.0,Urban,N
200,Male,Yes,1,Not Graduate,No,2600,2500.0,2,90.0,360.0,1.0,Semiurban,Y
201,Male,No,2,Graduate,No,4923,0.0,1,166.0,360.0,0.0,Semiurban,Y
202,Male,Yes,3+,Not Graduate,No,3992,0.0,1,118.47142857142858,180.0,1.0,Urban,N
203,Male,Yes,1,Not Graduate,No,3500,1083.0,2,135.0,360.0,1.0,Urban,Y
204,Male,Yes,2,Not Graduate,No,3917,0.0,1,124.0,360.0,1.0,Semiurban,Y
205,Female,No,0,Not Graduate,No,4408,0.0,1,120.0,360.0,1.0,Semiurban,Y
206,Female,No,0,Graduate,No,3244,0.0,1,80.0,360.0,1.0,Urban,Y
207,Male,No,0,Not Graduate,No,3975,2531.0,2,55.0,360.0,1.0,Rural,Y
208,Male,No,0,Graduate,No,2479,0.0,1,59.0,360.0,1.0,Urban,Y
209,Male,No,0,Graduate,No,3418,0.0,1,127.0,360.0,1.0,Semiurban,N
210,Female,No,0,Graduate,No,10000,0.0,1,214.0,360.0,1.0,Semiurban,N
211,Male,Yes,3+,Graduate,No,3430,1250.0,2,128.0,360.0,0.0,Semiurban,N
212,Male,Yes,1,Graduate,Yes,7787,0.0,1,240.0,360.0,1.0,Urban,Y
213,Male,Yes,3+,Not Graduate,Yes,5703,0.0,1,130.0,360.0,1.0,Rural,Y
214,Male,Yes,0,Graduate,No,3173,3021.0,2,137.0,360.0,1.0,Urban,Y
215,Male,Yes,3+,Not Graduate,No,3850,983.0,2,100.0,360.0,1.0,Semiurban,Y
216,Male,Yes,0,Graduate,No,150,1800.0,2,135.0,360.0,1.0,Rural,N
217,Male,Yes,0,Graduate,No,3727,1775.0,2,131.0,360.0,1.0,Semiurban,Y
218,Male,Yes,2,Graduate,No,5000,0.0,1,72.0,360.0,0.0,Semiurban,N
219,Female,Yes,2,Graduate,No,4283,2383.0,2,127.0,360.0,1.0,Semiurban,Y
220,Male,Yes,0,Graduate,No,2221,0.0,1,60.0,360.0,0.0,Urban,N
221,Male,Yes,2,Graduate,No,4009,1717.0,2,116.0,360.0,1.0,Semiurban,Y
222,Male,No,0,Graduate,No,2971,2791.0,2,144.0,360.0,1.0,Semiurban,Y
223,Male,Yes,0,Graduate,No,7578,1010.0,2,175.0,300.0,1.0,Semiurban,Y
224,Male,Yes,0,Graduate,No,6250,0.0,1,128.0,360.0,1.0,Semiurban,Y
225,Male,Yes,0,Graduate,No,3250,0.0,1,170.0,360.0,1.0,Rural,N
226,Male,Yes,0,Not Graduate,Yes,4735,0.0,1,138.0,360.0,1.0,Urban,N
227,Male,Yes,2,Graduate,No,6250,1695.0,2,210.0,360.0,1.0,Semiurban,Y
228,Male,Yes,0,Graduate,No,4758,0.0,1,158.0,480.0,1.0,Semiurban,Y
229,Male,No,0,Graduate,Yes,6400,0.0,1,200.0,360.0,1.0,Rural,Y
230,Male,Yes,1,Graduate,No,2491,2054.0,2,104.0,360.0,1.0,Semiurban,Y
231,Male,Yes,0,Graduate,No,3716,0.0,1,42.0,180.0,1.0,Rural,Y
232,Male,No,0,Not Graduate,No,3189,2598.0,2,120.0,36.0,1.0,Rural,Y
233,Female,No,0,Graduate,No,8333,0.0,1,280.0,360.0,1.0,Semiurban,Y
234,Male,Yes,1,Graduate,No,3155,1779.0,2,140.0,360.0,1.0,Semiurban,Y
235,Male,Yes,1,Graduate,No,5500,1260.0,2,170.0,360.0,1.0,Rural,Y
236,Male,Yes,0,Graduate,No,5746,0.0,1,255.0,360.0,1.0,Urban,N
237,Female,No,0,Graduate,Yes,3463,0.0,1,122.0,360.0,1.0,Urban,Y
238,Female,No,1,Graduate,No,3812,0.0,1,112.0,360.0,1.0,Rural,Y
239,Male,Yes,1,Graduate,No,3315,0.0,1,96.0,360.0,1.0,Semiurban,Y
240,Male,Yes,2,Graduate,No,5819,5000.0,2,120.0,360.0,1.0,Rural,Y
241,Male,Yes,1,Not Graduate,No,2510,1983.0,2,140.0,180.0,1.0,Urban,N
242,Male,No,0,Graduate,No,2965,5701.0,2,155.0,60.0,1.0,Urban,Y
243,Male,Yes,2,Graduate,Yes,6250,1300.0,2,108.0,360.0,1.0,Rural,Y
244,Male,Yes,0,Not Graduate,No,3406,4417.0,2,123.0,360.0,1.0,Semiurban,Y
245,Male,No,0,Graduate,Yes,6050,4333.0,2,120.0,180.0,1.0,Urban,N
246,Male,Yes,2,Graduate,No,9703,0.0,1,112.0,360.0,1.0,Urban,Y
247,Male,Yes,1,Not Graduate,No,6608,0.0,1,137.0,180.0,1.0,Urban,Y
248,Male,Yes,1,Graduate,No,2882,1843.0,2,123.0,480.0,1.0,Semiurban,Y
249,Male,Yes,0,Graduate,No,1809,1868.0,2,90.0,360.0,1.0,Urban,Y
250,Male,Yes,0,Not Graduate,No,1668,3890.0,2,201.0,360.0,0.0,Semiurban,N
251,Female,No,2,Graduate,No,3427,0.0,1,138.0,360.0,1.0,Urban,N
252,Male,No,0,Not Graduate,Yes,2583,2167.0,2,104.0,360.0,1.0,Rural,Y
253,Male,Yes,1,Not Graduate,No,2661,7101.0,2,279.0,180.0,1.0,Semiurban,Y
254,Male,No,0,Graduate,Yes,16250,0.0,1,192.0,360.0,0.0,Urban,N
255,Female,No,3+,Graduate,No,3083,0.0,1,255.0,360.0,1.0,Rural,Y
256,Male,No,0,Not Graduate,No,6045,0.0,1,115.0,360.0,0.0,Rural,N
257,Male,Yes,3+,Graduate,No,5250,0.0,1,94.0,360.0,1.0,Urban,N
258,Male,Yes,0,Graduate,No,14683,2100.0,2,304.0,360.0,1.0,Rural,N
259,Male,Yes,3+,Not Graduate,No,4931,0.0,1,128.0,360.0,1.0,Semiurban,N
260,Male,Yes,1,Graduate,No,6083,4250.0,2,330.0,360.0,1.0,Urban,Y
261,Male,No,0,Graduate,No,2060,2209.0,2,134.0,360.0,1.0,Semiurban,Y
262,Female,No,1,Graduate,No,3481,0.0,1,155.0,36.0,1.0,Semiurban,N
263,Female,No,0,Graduate,No,7200,0.0,1,120.0,360.0,1.0,Rural,Y
264,Male,No,0,Graduate,Yes,5166,0.0,1,128.0,360.0,1.0,Semiurban,Y
265,Male,No,0,Graduate,No,4095,3447.0,2,151.0,360.0,1.0,Rural,Y
266,Male,Yes,2,Graduate,No,4708,1387.0,2,150.0,360.0,1.0,Semiurban,Y
267,Male,Yes,3+,Graduate,No,4333,1811.0,2,160.0,360.0,0.0,Urban,Y
268,Female,No,0,Graduate,No,3418,0.0,1,135.0,360.0,1.0,Rural,N
269,Female,No,1,Graduate,No,2876,1560.0,2,90.0,360.0,1.0,Urban,Y
270,Female,No,0,Graduate,No,3237,0.0,1,30.0,360.0,1.0,Urban,Y
271,Male,Yes,0,Graduate,No,11146,0.0,1,136.0,360.0,1.0,Urban,Y
272,Male,No,0,Graduate,No,2833,1857.0,2,126.0,360.0,1.0,Rural,Y
273,Male,Yes,0,Graduate,No,2620,2223.0,2,150.0,360.0,1.0,Semiurban,Y
274,Male,Yes,2,Graduate,No,3900,0.0,1,90.0,360.0,1.0,Semiurban,Y
275,Male,Yes,1,Graduate,No,2750,1842.0,2,115.0,360.0,1.0,Semiurban,Y
276,Male,Yes,0,Graduate,No,3993,3274.0,2,207.0,360.0,1.0,Semiurban,Y
277,Male,Yes,0,Graduate,No,3103,1300.0,2,80.0,360.0,1.0,Urban,Y
278,Male,Yes,0,Graduate,No,14583,0.0,1,436.0,360.0,1.0,Semiurban,Y
279,Female,Yes,0,Not Graduate,No,4100,0.0,1,124.0,360.0,1.0,Rural,Y
280,Male,No,1,Not Graduate,Yes,4053,2426.0,2,158.0,360.0,0.0,Urban,N
281,Male,Yes,0,Graduate,No,3927,800.0,2,112.0,360.0,1.0,Semiurban,Y
282,Male,Yes,2,Graduate,No,2301,985.7999877999998,2,78.0,180.0,1.0,Urban,Y
283,Female,No,0,Graduate,No,1811,1666.0,2,54.0,360.0,1.0,Urban,Y
284,Male,Yes,0,Graduate,No,20667,0.0,1,149.2970430107527,360.0,1.0,Rural,N
285,Male,No,0,Graduate,No,3158,3053.0,2,89.0,360.0,1.0,Rural,Y
286,Female,No,0,Graduate,Yes,2600,1717.0,2,99.0,300.0,1.0,Semiurban,N
287,Male,Yes,0,Graduate,No,3704,2000.0,2,120.0,360.0,1.0,Rural,Y
288,Female,No,0,Graduate,No,4124,0.0,1,115.0,360.0,1.0,Semiurban,Y
289,Male,No,0,Graduate,No,9508,0.0,1,187.0,360.0,1.0,Rural,Y
290,Male,Yes,0,Graduate,No,3075,2416.0,2,139.0,360.0,1.0,Rural,Y
291,Male,Yes,2,Graduate,No,4400,0.0,1,127.0,360.0,0.0,Semiurban,N
292,Male,Yes,2,Graduate,No,3153,1560.0,2,134.0,360.0,1.0,Urban,Y
293,Female,No,0,Graduate,No,5417,0.0,1,143.0,480.0,0.0,Urban,N
294,Male,Yes,0,Graduate,No,2383,3334.0,2,172.0,360.0,1.0,Semiurban,Y
295,Male,Yes,3+,Graduate,No,4416,1250.0,2,110.0,360.0,1.0,Urban,Y
296,Male,Yes,1,Graduate,No,6875,0.0,1,200.0,360.0,1.0,Semiurban,Y
297,Female,Yes,1,Graduate,No,4666,0.0,1,135.0,360.0,1.0,Urban,Y
298,Female,No,0,Graduate,No,5000,2541.0,2,151.0,480.0,1.0,Rural,N
299,Male,Yes,1,Graduate,No,2014,2925.0,2,113.0,360.0,1.0,Urban,N
300,Male,Yes,0,Not Graduate,No,1800,2934.0,2,93.0,360.0,0.0,Urban,N
301,Male,Yes,0,Not Graduate,No,2875,1750.0,2,105.0,360.0,1.0,Semiurban,Y
302,Female,No,0,Graduate,No,5000,0.0,1,132.0,360.0,1.0,Rural,Y
303,Male,Yes,1,Graduate,No,1625,1803.0,2,96.0,360.0,1.0,Urban,Y
304,Male,No,0,Graduate,No,4000,2500.0,2,140.0,360.0,1.0,Rural,Y
305,Male,No,0,Not Graduate,No,2000,0.0,1,118.47142857142858,360.0,1.0,Urban,N
306,Female,No,0,Graduate,No,3762,1666.0,2,135.0,360.0,1.0,Rural,Y
307,Female,No,0,Graduate,No,2400,1863.0,2,104.0,360.0,0.0,Urban,N
308,Male,No,0,Graduate,No,20233,0.0,1,480.0,360.0,1.0,Rural,N
309,Male,Yes,2,Not Graduate,No,7667,0.0,1,185.0,360.0,1.0,Rural,Y
310,Female,No,0,Graduate,No,2917,0.0,1,84.0,360.0,1.0,Semiurban,Y
311,Male,No,0,Not Graduate,No,2927,2405.0,2,111.0,360.0,1.0,Semiurban,Y
312,Female,No,0,Graduate,No,2507,0.0,1,56.0,360.0,1.0,Rural,Y
313,Male,Yes,2,Graduate,Yes,5746,0.0,1,144.0,84.0,1.0,Rural,Y
314,Male,Yes,0,Graduate,No,2473,1843.0,2,159.0,360.0,1.0,Rural,N
315,Male,Yes,1,Not Graduate,No,3399,1640.0,2,111.0,180.0,1.0,Urban,Y
316,Male,Yes,2,Graduate,No,3717,0.0,1,120.0,360.0,1.0,Semiurban,Y
317,Male,Yes,0,Graduate,No,2058,2134.0,2,88.0,360.0,1.0,Urban,Y
318,Female,No,1,Graduate,No,3541,0.0,1,112.0,360.0,1.0,Semiurban,Y
319,Male,Yes,1,Graduate,Yes,10000,0.0,1,155.0,360.0,1.0,Rural,N
320,Male,Yes,0,Graduate,No,2400,2167.0,2,115.0,360.0,1.0,Semiurban,Y
321,Male,Yes,3+,Graduate,No,4342,189.0,2,124.0,360.0,1.0,Semiurban,Y
322,Male,Yes,2,Not Graduate,No,3601,1590.0,2,118.47142857142858,360.0,1.0,Rural,Y
323,Female,No,0,Graduate,No,3166,2985.0,2,132.0,360.0,1.0,Rural,Y
324,Male,Yes,3+,Graduate,No,15000,0.0,1,300.0,360.0,1.0,Rural,Y
325,Male,Yes,1,Graduate,Yes,8666,4983.0,2,376.0,360.0,0.0,Rural,N
326,Male,No,0,Graduate,No,4917,0.0,1,130.0,360.0,0.0,Rural,Y
327,Male,Yes,0,Graduate,Yes,5818,2160.0,2,184.0,360.0,1.0,Semiurban,Y
328,Female,Yes,0,Graduate,No,4333,2451.0,2,110.0,360.0,1.0,Urban,N
329,Female,No,0,Graduate,No,2500,0.0,1,67.0,360.0,1.0,Urban,Y
330,Male,No,1,Graduate,No,4384,1793.0,2,117.0,360.0,1.0,Urban,Y
331,Male,No,0,Graduate,No,2935,0.0,1,98.0,360.0,1.0,Semiurban,Y
332,Male,No,0,Graduate,No,2833,0.0,1,71.0,360.0,1.0,Urban,Y
333,Male,Yes,0,Graduate,No,63337,0.0,1,490.0,180.0,1.0,Urban,Y
334,Male,Yes,1,Graduate,Yes,9833,1833.0,2,182.0,180.0,1.0,Urban,Y
335,Male,Yes,0,Graduate,Yes,5503,4490.0,2,70.0,24.0,1.0,Semiurban,Y
336,Male,Yes,1,Graduate,No,5250,688.0,2,160.0,360.0,1.0,Rural,Y
337,Male,Yes,2,Graduate,Yes,2500,4600.0,2,176.0,360.0,1.0,Rural,Y
338,Female,No,3+,Not Graduate,No,1830,0.0,1,118.47142857142858,360.0,0.0,Urban,N
339,Female,No,0,Graduate,No,4160,0.0,1,71.0,360.0,1.0,Semiurban,Y
340,Male,Yes,3+,Not Graduate,No,2647,1587.0,2,173.0,360.0,1.0,Rural,N
341,Female,No,0,Graduate,No,2378,0.0,1,46.0,360.0,1.0,Rural,N
342,Male,Yes,1,Not Graduate,No,4554,1229.0,2,158.0,360.0,1.0,Urban,Y
343,Male,Yes,3+,Not Graduate,No,3173,0.0,1,74.0,360.0,1.0,Semiurban,Y
344,Male,Yes,2,Graduate,No,2583,2330.0,2,125.0,360.0,1.0,Rural,Y
345,Male,Yes,0,Graduate,No,2499,2458.0,2,160.0,360.0,1.0,Semiurban,Y
346,Male,Yes,0,Not Graduate,No,3523,3230.0,2,152.0,360.0,0.0,Rural,N
347,Male,Yes,2,Not Graduate,No,3083,2168.0,2,126.0,360.0,1.0,Urban,Y
348,Male,Yes,0,Graduate,No,6333,4583.0,2,259.0,360.0,1.0,Semiurban,Y
349,Male,Yes,0,Graduate,No,2625,6250.0,2,187.0,360.0,1.0,Rural,Y
350,Male,Yes,0,Graduate,No,9083,0.0,1,228.0,360.0,1.0,Semiurban,Y
351,Male,No,0,Graduate,No,8750,4167.0,2,308.0,360.0,1.0,Rural,N
352,Male,Yes,3+,Graduate,No,2666,2083.0,2,95.0,360.0,1.0,Rural,Y
353,Female,Yes,0,Graduate,Yes,5500,0.0,1,105.0,360.0,0.0,Rural,N
354,Female,Yes,0,Graduate,No,2423,505.0,2,130.0,360.0,1.0,Semiurban,Y
355,Female,No,0,Graduate,No,3813,0.0,1,116.0,180.0,1.0,Urban,Y
356,Male,Yes,2,Graduate,No,8333,3167.0,2,165.0,360.0,1.0,Rural,Y
357,Male,Yes,1,Graduate,No,3875,0.0,1,67.0,360.0,1.0,Urban,N
358,Male,Yes,0,Not Graduate,No,3000,1666.0,2,100.0,480.0,0.0,Urban,N
359,Male,Yes,3+,Graduate,No,5167,3167.0,2,200.0,360.0,1.0,Semiurban,Y
360,Female,No,1,Graduate,No,4723,0.0,1,81.0,360.0,1.0,Semiurban,N
361,Male,Yes,2,Graduate,No,5000,3667.0,2,236.0,360.0,1.0,Semiurban,Y
362,Male,Yes,0,Graduate,No,4750,2333.0,2,130.0,360.0,1.0,Urban,Y
363,Male,Yes,0,Graduate,No,3013,3033.0,2,95.0,300.0,1.0,Urban,Y
364,Male,No,0,Graduate,Yes,6822,0.0,1,141.0,360.0,1.0,Rural,Y
365,Male,No,0,Not Graduate,No,6216,0.0,1,133.0,360.0,1.0,Rural,N
366,Male,No,0,Graduate,No,2500,0.0,1,96.0,480.0,1.0,Semiurban,N
367,Male,No,0,Graduate,No,5124,0.0,1,124.0,60.0,0.0,Rural,N
368,Male,Yes,1,Graduate,No,6325,0.0,1,175.0,360.0,1.0,Semiurban,Y
369,Male,Yes,0,Graduate,No,19730,5266.0,2,570.0,360.0,1.0,Rural,N
370,Female,No,0,Graduate,Yes,15759,0.0,1,55.0,360.0,1.0,Semiurban,Y
371,Male,Yes,2,Graduate,No,5185,0.0,1,155.0,360.0,1.0,Semiurban,Y
372,Male,Yes,2,Graduate,Yes,9323,7873.0,2,380.0,300.0,1.0,Rural,Y
373,Male,No,1,Graduate,No,3062,1987.0,2,111.0,180.0,0.0,Urban,N
374,Female,No,0,Graduate,No,2764,1459.0,2,110.0,360.0,1.0,Urban,Y
375,Male,Yes,0,Graduate,No,4817,923.0,2,120.0,180.0,1.0,Urban,Y
376,Male,Yes,3+,Graduate,No,8750,4996.0,2,130.0,360.0,1.0,Rural,Y
377,Male,Yes,0,Graduate,No,4310,0.0,1,130.0,360.0,1.0,Semiurban,Y
378,Male,No,0,Graduate,No,3069,0.0,1,71.0,480.0,1.0,Urban,N
379,Male,Yes,2,Graduate,No,5391,0.0,1,130.0,360.0,1.0,Urban,Y
380,Male,Yes,0,Graduate,No,3333,2500.0,2,128.0,360.0,1.0,Semiurban,Y
381,Male,No,0,Graduate,No,5941,4232.0,2,296.0,360.0,1.0,Semiurban,Y
382,Female,No,0,Graduate,No,6000,0.0,1,156.0,360.0,1.0,Urban,Y
383,Male,No,0,Graduate,Yes,7167,0.0,1,128.0,360.0,1.0,Urban,Y
384,Male,Yes,2,Graduate,No,4566,0.0,1,100.0,360.0,1.0,Urban,N
385,Male,No,1,Graduate,No,3667,0.0,1,113.0,180.0,1.0,Urban,Y
386,Male,No,0,Not Graduate,No,2346,1600.0,2,132.0,360.0,1.0,Semiurban,Y
387,Male,Yes,0,Not Graduate,No,3010,3136.0,2,118.47142857142858,360.0,0.0,Urban,N
388,Male,Yes,0,Graduate,No,2333,2417.0,2,136.0,360.0,1.0,Urban,Y
389,Male,Yes,0,Graduate,No,5488,0.0,1,125.0,360.0,1.0,Rural,Y
390,Male,No,3+,Graduate,No,9167,0.0,1,185.0,360.0,1.0,Rural,Y
391,Male,Yes,3+,Graduate,No,9504,0.0,1,275.0,360.0,1.0,Rural,Y
392,Male,Yes,0,Graduate,No,2583,2115.0,2,120.0,360.0,1.0,Urban,Y
393,Male,Yes,2,Not Graduate,No,1993,1625.0,2,113.0,180.0,1.0,Semiurban,Y
394,Male,Yes,2,Graduate,No,3100,1400.0,2,113.0,360.0,1.0,Urban,Y
395,Male,Yes,2,Graduate,No,3276,484.0,2,135.0,360.0,1.0,Semiurban,Y
396,Female,No,0,Graduate,No,3180,0.0,1,71.0,360.0,0.0,Urban,N
397,Male,Yes,0,Graduate,No,3033,1459.0,2,95.0,360.0,1.0,Urban,Y
398,Male,No,0,Not Graduate,No,3902,1666.0,2,109.0,360.0,1.0,Rural,Y
399,Female,No,0,Graduate,No,1500,1800.0,2,103.0,360.0,0.0,Semiurban,N
400,Male,Yes,2,Not Graduate,No,2889,0.0,1,45.0,180.0,0.0,Urban,N
401,Male,No,0,Not Graduate,No,2755,0.0,1,65.0,300.0,1.0,Rural,N
402,Male,No,0,Graduate,No,2500,20000.0,2,103.0,360.0,1.0,Semiurban,Y
403,Female,No,0,Not Graduate,No,1963,0.0,1,53.0,360.0,1.0,Semiurban,Y
404,Female,No,0,Graduate,Yes,7441,0.0,1,194.0,360.0,1.0,Rural,N
405,Female,No,0,Graduate,No,4547,0.0,1,115.0,360.0,1.0,Semiurban,Y
406,Male,Yes,0,Not Graduate,No,2167,2400.0,2,115.0,360.0,1.0,Urban,Y
407,Female,No,0,Not Graduate,No,2213,0.0,1,66.0,360.0,1.0,Rural,Y
408,Male,Yes,1,Graduate,No,8300,0.0,1,152.0,300.0,0.0,Semiurban,N
409,Male,Yes,3+,Graduate,No,81000,0.0,1,360.0,360.0,0.0,Rural,N
410,Female,No,1,Not Graduate,Yes,3867,0.0,1,62.0,360.0,1.0,Semiurban,N
411,Male,Yes,0,Graduate,No,6256,0.0,1,160.0,360.0,1.0,Urban,Y
412,Male,Yes,0,Not Graduate,No,6096,0.0,1,218.0,360.0,0.0,Rural,N
413,Male,Yes,0,Not Graduate,No,2253,2033.0,2,110.0,360.0,1.0,Rural,Y
414,Female,Yes,0,Not Graduate,No,2149,3237.0,2,178.0,360.0,0.0,Semiurban,N
415,Female,No,0,Graduate,No,2995,0.0,1,60.0,360.0,1.0,Urban,Y
416,Female,No,1,Graduate,No,2600,0.0,1,160.0,360.0,1.0,Urban,N
417,Male,Yes,2,Graduate,Yes,1600,20000.0,2,239.0,360.0,1.0,Urban,N
418,Male,Yes,0,Graduate,No,1025,2773.0,2,112.0,360.0,1.0,Rural,Y
419,Male,Yes,0,Graduate,No,3246,1417.0,2,138.0,360.0,1.0,Semiurban,Y
420,Male,Yes,0,Graduate,No,5829,0.0,1,138.0,360.0,1.0,Rural,Y
421,Female,No,0,Not Graduate,No,2720,0.0,1,80.0,180.0,0.0,Urban,N
422,Male,Yes,0,Graduate,No,1820,1719.0,2,100.0,360.0,1.0,Urban,Y
423,Male,Yes,1,Graduate,No,7250,1667.0,2,110.0,84.0,0.0,Urban,N
424,Male,Yes,0,Graduate,No,14880,0.0,1,96.0,360.0,1.0,Semiurban,Y
425,Male,Yes,0,Graduate,No,2666,4300.0,2,121.0,360.0,1.0,Rural,Y
426,Female,No,1,Not Graduate,No,4606,0.0,1,81.0,360.0,1.0,Rural,N
427,Male,Yes,2,Graduate,No,5935,0.0,1,133.0,360.0,1.0,Semiurban,Y
428,Male,Yes,0,Graduate,No,2920,16.12000084,2,87.0,360.0,1.0,Rural,Y
429,Male,No,0,Not Graduate,No,2717,0.0,1,60.0,180.0,1.0,Urban,Y
430,Female,No,1,Graduate,Yes,8624,0.0,1,150.0,360.0,1.0,Semiurban,Y
431,Male,No,0,Graduate,No,6500,0.0,1,105.0,360.0,0.0,Rural,N
432,Male,No,0,Graduate,No,12876,0.0,1,405.0,360.0,1.0,Semiurban,Y
433,Male,Yes,0,Graduate,No,2425,2340.0,2,143.0,360.0,1.0,Semiurban,Y
434,Male,No,0,Graduate,No,3750,0.0,1,100.0,360.0,1.0,Urban,Y
435,Female,Yes,0,Graduate,No,10047,0.0,1,149.2970430107527,240.0,1.0,Semiurban,Y
436,Male,No,0,Graduate,No,1926,1851.0,2,50.0,360.0,1.0,Semiurban,Y
437,Male,Yes,0,Graduate,No,2213,1125.0,2,149.2970430107527,360.0,1.0,Urban,Y
438,Male,No,0,Graduate,Yes,10416,0.0,1,187.0,360.0,0.0,Urban,N
439,Female,Yes,0,Not Graduate,Yes,7142,0.0,1,138.0,360.0,1.0,Rural,Y
440,Male,No,0,Graduate,No,3660,5064.0,2,187.0,360.0,1.0,Semiurban,Y
441,Male,Yes,0,Graduate,No,7901,1833.0,2,180.0,360.0,1.0,Rural,Y
442,Male,No,3+,Not Graduate,No,4707,1993.0,2,148.0,360.0,1.0,Semiurban,Y
443,Male,No,1,Graduate,No,37719,0.0,1,152.0,360.0,1.0,Semiurban,Y
444,Male,Yes,0,Graduate,No,7333,8333.0,2,175.0,300.0,1.0,Rural,Y
445,Male,Yes,1,Graduate,Yes,3466,1210.0,2,130.0,360.0,1.0,Rural,Y
446,Male,Yes,2,Not Graduate,No,4652,0.0,1,110.0,360.0,1.0,Rural,Y
447,Male,Yes,0,Graduate,No,3539,1376.0,2,55.0,360.0,1.0,Rural,N
448,Male,Yes,2,Graduate,No,3340,1710.0,2,150.0,360.0,0.0,Rural,N
449,Male,No,1,Not Graduate,Yes,2769,1542.0,2,190.0,360.0,1.0,Semiurban,N
450,Male,Yes,2,Not Graduate,No,2309,1255.0,2,125.0,360.0,0.0,Rural,N
451,Male,Yes,2,Not Graduate,No,1958,1456.0,2,60.0,300.0,1.0,Urban,Y
452,Male,Yes,0,Graduate,No,3948,1733.0,2,149.0,360.0,0.0,Rural,N
453,Male,Yes,0,Graduate,No,2483,2466.0,2,90.0,180.0,0.0,Rural,Y
454,Male,No,0,Graduate,Yes,7085,0.0,1,84.0,360.0,1.0,Semiurban,Y
455,Male,Yes,2,Graduate,No,3859,0.0,1,96.0,360.0,1.0,Semiurban,Y
456,Male,Yes,0,Graduate,No,4301,0.0,1,118.0,360.0,1.0,Urban,Y
457,Male,Yes,0,Graduate,No,3708,2569.0,2,173.0,360.0,1.0,Urban,N
458,Male,No,2,Graduate,No,4354,0.0,1,136.0,360.0,1.0,Rural,Y
459,Male,Yes,0,Graduate,No,8334,0.0,1,160.0,360.0,1.0,Semiurban,N
460,Male,Yes,0,Graduate,Yes,2083,4083.0,2,160.0,360.0,1.0,Semiurban,Y
461,Male,Yes,3+,Graduate,No,7740,0.0,1,128.0,180.0,1.0,Urban,Y
462,Male,Yes,0,Graduate,No,3015,2188.0,2,153.0,360.0,1.0,Rural,Y
463,Female,No,1,Not Graduate,No,5191,0.0,1,132.0,360.0,1.0,Semiurban,Y
464,Male,No,0,Graduate,No,4166,0.0,1,98.0,360.0,0.0,Semiurban,N
465,Male,No,0,Graduate,No,6000,0.0,1,140.0,360.0,1.0,Rural,Y
466,Male,Yes,3+,Not Graduate,No,2947,1664.0,2,70.0,180.0,0.0,Urban,N
467,Male,Yes,0,Graduate,No,16692,0.0,1,110.0,360.0,1.0,Semiurban,Y
468,Female,Yes,2,Not Graduate,No,210,2917.0,2,98.0,360.0,1.0,Semiurban,Y
469,Male,Yes,0,Graduate,No,4333,2451.0,2,110.0,360.0,1.0,Urban,N
470,Male,Yes,1,Graduate,Yes,3450,2079.0,2,162.0,360.0,1.0,Semiurban,Y
471,Male,Yes,1,Not Graduate,No,2653,1500.0,2,113.0,180.0,0.0,Rural,N
472,Male,Yes,3+,Graduate,No,4691,0.0,1,100.0,360.0,1.0,Semiurban,Y
473,Female,No,0,Graduate,Yes,2500,0.0,1,93.0,360.0,1.0,Urban,Y
474,Male,No,2,Graduate,No,5532,4648.0,2,162.0,360.0,1.0,Rural,Y
475,Male,Yes,2,Graduate,Yes,16525,1014.0,2,150.0,360.0,1.0,Rural,Y
476,Male,Yes,2,Graduate,No,6700,1750.0,2,230.0,300.0,1.0,Semiurban,Y
477,Male,Yes,2,Graduate,No,2873,1872.0,2,132.0,360.0,0.0,Semiurban,N
478,Male,Yes,1,Graduate,Yes,16667,2250.0,2,86.0,360.0,1.0,Semiurban,Y
479,Male,Yes,2,Graduate,No,2947,1603.0,2,149.2970430107527,360.0,1.0,Urban,N
480,Female,No,0,Not Graduate,No,4350,0.0,1,154.0,360.0,1.0,Rural,Y
481,Male,Yes,3+,Not Graduate,No,3095,0.0,1,113.0,360.0,1.0,Rural,Y
482,Male,Yes,0,Graduate,No,2083,3150.0,2,128.0,360.0,1.0,Semiurban,Y
483,Male,Yes,0,Graduate,No,10833,0.0,1,234.0,360.0,1.0,Semiurban,Y
484,Male,Yes,2,Graduate,No,8333,0.0,1,246.0,360.0,1.0,Semiurban,Y
485,Male,Yes,1,Not Graduate,No,1958,2436.0,2,131.0,360.0,1.0,Rural,Y
486,Male,No,2,Graduate,No,3547,0.0,1,80.0,360.0,0.0,Rural,N
487,Male,Yes,1,Graduate,No,18333,0.0,1,500.0,360.0,1.0,Urban,N
488,Male,Yes,2,Graduate,Yes,4583,2083.0,2,160.0,360.0,1.0,Semiurban,Y
489,Male,No,0,Graduate,No,2435,0.0,1,75.0,360.0,1.0,Urban,N
490,Male,No,0,Not Graduate,No,2699,2785.0,2,96.0,360.0,1.0,Semiurban,Y
491,Male,Yes,1,Not Graduate,No,5333,1131.0,2,186.0,360.0,1.0,Urban,Y
492,Male,No,0,Not Graduate,No,3691,0.0,1,110.0,360.0,1.0,Rural,Y
493,Female,No,0,Not Graduate,Yes,17263,0.0,1,225.0,360.0,1.0,Semiurban,Y
494,Male,Yes,0,Graduate,No,3597,2157.0,2,119.0,360.0,0.0,Rural,N
495,Female,Yes,1,Graduate,No,3326,913.0,2,105.0,84.0,1.0,Semiurban,Y
496,Male,Yes,0,Not Graduate,No,2600,1700.0,2,107.0,360.0,1.0,Rural,Y
497,Male,Yes,0,Graduate,No,4625,2857.0,2,111.0,12.0,1.0,Urban,Y
498,Male,Yes,1,Graduate,Yes,2895,0.0,1,95.0,360.0,1.0,Semiurban,Y
499,Male,No,0,Graduate,No,6283,4416.0,2,209.0,360.0,0.0,Rural,N
500,Female,No,0,Graduate,No,645,3683.0,2,113.0,480.0,1.0,Rural,Y
501,Female,No,0,Graduate,No,3159,0.0,1,100.0,360.0,1.0,Semiurban,Y
502,Male,Yes,2,Graduate,No,4865,5624.0,2,208.0,360.0,1.0,Semiurban,Y
503,Male,Yes,1,Not Graduate,No,4050,5302.0,2,138.0,360.0,1.0,Rural,N
504,Male,Yes,0,Not Graduate,No,3814,1483.0,2,124.0,300.0,1.0,Semiurban,Y
505,Male,Yes,2,Graduate,No,3510,4416.0,2,243.0,360.0,1.0,Rural,Y
506,Male,Yes,0,Graduate,No,20833,6667.0,2,480.0,360.0,1.0,Urban,Y
507,Male,No,0,Graduate,No,3583,0.0,1,96.0,360.0,1.0,Urban,N
508,Male,Yes,0,Graduate,Yes,2479,3013.0,2,188.0,360.0,1.0,Urban,Y
509,Female,No,1,Graduate,No,13262,0.0,1,40.0,360.0,1.0,Urban,Y
510,Male,No,0,Not Graduate,No,3598,1287.0,2,100.0,360.0,1.0,Rural,N
511,Male,Yes,1,Graduate,No,6065,2004.0,2,250.0,360.0,1.0,Semiurban,Y
512,Male,Yes,2,Graduate,No,3283,2035.0,2,148.0,360.0,1.0,Urban,Y
513,Male,Yes,0,Graduate,No,2130,6666.0,2,70.0,180.0,1.0,Semiurban,N
514,Male,No,0,Graduate,No,5815,3666.0,2,311.0,360.0,1.0,Rural,N
515,Male,Yes,3+,Graduate,No,3466,3428.0,2,150.0,360.0,1.0,Rural,Y
516,Female,Yes,2,Graduate,No,2031,1632.0,2,113.0,480.0,1.0,Semiurban,Y
517,Male,Yes,0,Not Graduate,No,3074,1800.0,2,123.0,360.0,0.0,Semiurban,N
518,Male,No,0,Graduate,No,4683,1915.0,2,185.0,360.0,1.0,Semiurban,N
519,Female,No,0,Not Graduate,No,3400,0.0,1,95.0,360.0,1.0,Rural,N
520,Male,Yes,2,Not Graduate,No,2192,1742.0,2,45.0,360.0,1.0,Semiurban,Y
521,Male,No,0,Graduate,No,2500,0.0,1,55.0,360.0,1.0,Semiurban,Y
522,Male,Yes,3+,Graduate,Yes,5677,1424.0,2,100.0,360.0,1.0,Rural,Y
523,Male,Yes,2,Graduate,Yes,7948,7166.0,2,480.0,360.0,1.0,Rural,Y
524,Male,No,0,Graduate,No,4680,2087.0,2,149.2970430107527,360.0,1.0,Semiurban,N
525,Male,Yes,2,Graduate,Yes,17500,0.0,1,400.0,360.0,1.0,Rural,Y
526,Male,Yes,0,Graduate,No,3775,0.0,1,110.0,360.0,1.0,Semiurban,Y
527,Male,Yes,1,Not Graduate,No,5285,1430.0,2,161.0,360.0,0.0,Semiurban,Y
528,Male,No,1,Not Graduate,No,2679,1302.0,2,94.0,360.0,1.0,Semiurban,Y
529,Male,No,0,Not Graduate,No,6783,0.0,1,130.0,360.0,1.0,Semiurban,Y
530,Male,Yes,0,Graduate,No,1025,5500.0,2,216.0,360.0,1.0,Rural,Y
531,Male,Yes,3+,Graduate,No,4281,0.0,1,100.0,360.0,1.0,Urban,Y
532,Male,No,2,Graduate,No,3588,0.0,1,110.0,360.0,0.0,Rural,N
533,Male,No,1,Graduate,No,11250,0.0,1,196.0,360.0,1.0,Semiurban,N
534,Female,No,0,Not Graduate,Yes,18165,0.0,1,125.0,360.0,1.0,Urban,Y
535,Male,No,0,Not Graduate,No,2550,2042.0,2,126.0,360.0,1.0,Rural,Y
536,Male,Yes,0,Graduate,No,6133,3906.0,2,324.0,360.0,1.0,Urban,Y
537,Male,No,2,Graduate,No,3617,0.0,1,107.0,360.0,1.0,Semiurban,Y
538,Male,Yes,0,Not Graduate,No,2917,536.0,2,66.0,360.0,1.0,Rural,N
539,Male,Yes,3+,Graduate,No,6417,0.0,1,157.0,180.0,1.0,Rural,Y
540,Female,Yes,1,Graduate,No,4608,2845.0,2,140.0,180.0,1.0,Semiurban,Y
541,Female,No,0,Graduate,No,2138,0.0,1,99.0,360.0,0.0,Semiurban,N
542,Female,No,1,Graduate,No,3652,0.0,1,95.0,360.0,1.0,Semiurban,Y
543,Male,Yes,1,Not Graduate,No,2239,2524.0,2,128.0,360.0,1.0,Urban,Y
544,Female,Yes,0,Not Graduate,No,3017,663.0,2,102.0,360.0,1.0,Semiurban,Y
545,Male,Yes,0,Graduate,No,2768,1950.0,2,155.0,360.0,1.0,Rural,Y
546,Male,No,0,Not Graduate,No,3358,0.0,1,80.0,36.0,1.0,Semiurban,N
547,Male,No,0,Graduate,No,2526,1783.0,2,145.0,360.0,1.0,Rural,Y
548,Female,No,0,Graduate,No,5000,0.0,1,103.0,360.0,0.0,Semiurban,N
549,Male,Yes,0,Graduate,No,2785,2016.0,2,110.0,360.0,1.0,Rural,Y
550,Male,Yes,2,Graduate,Yes,6633,0.0,1,149.2970430107527,360.0,0.0,Rural,N
551,Male,Yes,1,Not Graduate,No,2492,2375.0,2,118.47142857142858,360.0,1.0,Rural,Y
552,Male,Yes,1,Graduate,No,3333,3250.0,2,158.0,360.0,1.0,Urban,Y
553,Male,Yes,0,Not Graduate,No,2454,2333.0,2,181.0,360.0,0.0,Urban,N
554,Male,Yes,0,Graduate,No,3593,4266.0,2,132.0,180.0,0.0,Rural,N
555,Male,Yes,1,Graduate,No,5468,1032.0,2,26.0,360.0,1.0,Semiurban,Y
556,Female,No,0,Graduate,No,2667,1625.0,2,84.0,360.0,1.0,Urban,Y
557,Male,Yes,3+,Graduate,Yes,10139,0.0,1,260.0,360.0,1.0,Semiurban,Y
558,Male,Yes,0,Graduate,No,3887,2669.0,2,162.0,360.0,1.0,Semiurban,Y
559,Female,Yes,0,Graduate,No,4180,2306.0,2,182.0,360.0,1.0,Semiurban,Y
560,Male,Yes,2,Not Graduate,No,3675,242.0,2,108.0,360.0,1.0,Semiurban,Y
561,Female,Yes,1,Graduate,Yes,19484,0.0,1,600.0,360.0,1.0,Semiurban,Y
562,Male,Yes,0,Graduate,No,5923,2054.0,2,211.0,360.0,1.0,Rural,Y
563,Male,No,0,Not Graduate,Yes,5800,0.0,1,132.0,360.0,1.0,Semiurban,Y
564,Male,Yes,2,Graduate,No,8799,0.0,1,258.0,360.0,0.0,Urban,N
565,Male,Yes,0,Not Graduate,No,4467,0.0,1,120.0,360.0,1.0,Rural,Y
566,Male,No,0,Graduate,No,3333,0.0,1,70.0,360.0,1.0,Urban,Y
567,Male,Yes,3+,Graduate,No,3400,2500.0,2,123.0,360.0,0.0,Rural,N
568,Female,No,0,Graduate,No,2378,0.0,1,9.0,360.0,1.0,Urban,N
569,Male,Yes,0,Graduate,No,3166,2064.0,2,104.0,360.0,0.0,Urban,N
570,Male,Yes,1,Graduate,No,3417,1750.0,2,186.0,360.0,1.0,Urban,Y
571,Male,Yes,0,Graduate,No,5116,1451.0,2,165.0,360.0,0.0,Urban,N
572,Male,Yes,2,Graduate,No,16666,0.0,1,275.0,360.0,1.0,Urban,Y
573,Male,Yes,2,Not Graduate,No,6125,1625.0,2,187.0,480.0,1.0,Semiurban,N
574,Male,Yes,3+,Graduate,No,6406,0.0,1,150.0,360.0,1.0,Semiurban,N
575,Male,Yes,2,Graduate,No,3159,461.0,2,108.0,84.0,1.0,Urban,Y
576,Male,Yes,0,Graduate,No,3087,2210.0,2,136.0,360.0,0.0,Semiurban,N
577,Male,No,0,Graduate,No,3229,2739.0,2,110.0,360.0,1.0,Urban,Y
578,Male,Yes,1,Graduate,No,1782,2232.0,2,107.0,360.0,1.0,Rural,Y
579,Male,No,0,Graduate,No,3182,2917.0,2,161.0,360.0,1.0,Urban,Y
580,Male,Yes,2,Graduate,No,6540,0.0,1,205.0,360.0,1.0,Semiurban,Y
581,Male,No,0,Graduate,No,1836,33837.0,2,90.0,360.0,1.0,Urban,N
582,Female,Yes,0,Graduate,No,3166,0.0,1,36.0,360.0,1.0,Semiurban,Y
583,Male,Yes,1,Graduate,No,1880,0.0,1,61.0,360.0,1.0,Rural,N
584,Male,Yes,1,Graduate,No,2787,1917.0,2,146.0,360.0,0.0,Rural,N
585,Male,Yes,1,Graduate,No,4283,3000.0,2,172.0,84.0,1.0,Rural,N
586,Male,Yes,0,Graduate,No,2297,1522.0,2,104.0,360.0,1.0,Urban,Y
587,Female,No,0,Not Graduate,No,2165,0.0,1,70.0,360.0,1.0,Semiurban,Y
588,Male,No,0,Graduate,No,4750,0.0,1,94.0,360.0,1.0,Semiurban,Y
589,Male,Yes,2,Graduate,Yes,2726,0.0,1,106.0,360.0,0.0,Semiurban,N
590,Male,Yes,0,Graduate,No,3000,3416.0,2,56.0,180.0,1.0,Semiurban,Y
591,Male,Yes,2,Graduate,Yes,6000,0.0,1,205.0,240.0,1.0,Semiurban,N
592,Male,No,3+,Graduate,Yes,9357,0.0,1,292.0,360.0,1.0,Semiurban,Y
593,Male,Yes,0,Graduate,No,3859,3300.0,2,142.0,180.0,1.0,Rural,Y
594,Male,Yes,0,Graduate,Yes,16120,0.0,1,260.0,360.0,1.0,Urban,Y
595,Male,No,0,Not Graduate,No,3833,0.0,1,110.0,360.0,1.0,Rural,Y
596,Male,Yes,2,Not Graduate,Yes,6383,1000.0,2,187.0,360.0,1.0,Rural,N
597,Male,No,0,Graduate,No,2987,0.0,1,88.0,360.0,0.0,Semiurban,N
598,Male,Yes,0,Graduate,Yes,9963,0.0,1,180.0,360.0,1.0,Rural,Y
599,Male,Yes,2,Graduate,No,5780,0.0,1,192.0,360.0,1.0,Urban,Y
600,Female,No,3+,Graduate,No,416,41667.0,2,350.0,180.0,1.0,Urban,N
601,Male,Yes,0,Not Graduate,No,2894,2792.0,2,155.0,360.0,1.0,Rural,Y
602,Male,Yes,3+,Graduate,No,5703,0.0,1,128.0,360.0,1.0,Urban,Y
603,Male,No,0,Graduate,No,3676,4301.0,2,172.0,360.0,1.0,Rural,Y
604,Female,Yes,1,Graduate,No,12000,0.0,1,496.0,360.0,1.0,Semiurban,Y
605,Male,Yes,0,Not Graduate,No,2400,3800.0,2,118.47142857142858,180.0,1.0,Urban,N
606,Male,Yes,1,Graduate,No,3400,2500.0,2,173.0,360.0,1.0,Semiurban,Y
607,Male,Yes,2,Not Graduate,No,3987,1411.0,2,157.0,360.0,1.0,Rural,Y
608,Male,Yes,0,Graduate,No,3232,1950.0,2,108.0,360.0,1.0,Rural,Y
609,Female,No,0,Graduate,No,2900,0.0,1,71.0,360.0,1.0,Rural,Y
610,Male,Yes,3+,Graduate,No,4106,0.0,1,40.0,180.0,1.0,Rural,Y
611,Male,Yes,1,Graduate,No,8072,240.0,2,253.0,360.0,1.0,Urban,Y
612,Male,Yes,2,Graduate,No,7583,0.0,1,187.0,360.0,1.0,Urban,Y
613,Female,No,0,Graduate,Yes,4583,0.0,1,133.0,360.0,0.0,Semiurban,N
614,Male,Yes,0,Graduate,No,5720,0.0,1,110.0,360.0,1.0,Urban,
615,Male,Yes,1,Graduate,No,3076,1500.0,2,126.0,360.0,1.0,Urban,
616,Male,Yes,2,Graduate,No,5000,1800.0,2,208.0,360.0,1.0,Urban,
617,Male,Yes,2,Graduate,No,2340,2546.0,2,100.0,360.0,1.0,Urban,
618,Male,No,0,Not Graduate,No,3276,0.0,1,78.0,360.0,1.0,Urban,
619,Male,Yes,0,Not Graduate,Yes,2165,3422.0,2,152.0,360.0,1.0,Urban,
620,Female,No,1,Not Graduate,No,2226,0.0,1,59.0,360.0,1.0,Semiurban,
621,Male,Yes,2,Not Graduate,No,3881,0.0,1,147.0,360.0,0.0,Rural,
622,Male,Yes,2,Graduate,No,13633,0.0,1,280.0,240.0,1.0,Urban,
623,Male,No,0,Not Graduate,No,2400,2400.0,2,123.0,360.0,1.0,Semiurban,
624,Male,No,0,Not Graduate,No,3091,0.0,1,90.0,360.0,1.0,Urban,
625,Male,Yes,1,Graduate,No,2185,1516.0,2,162.0,360.0,1.0,Semiurban,
626,Male,No,3+,Graduate,No,4166,0.0,1,40.0,180.0,1.0,Urban,
627,Male,Yes,2,Graduate,No,12173,0.0,1,166.0,360.0,0.0,Semiurban,
628,Female,No,0,Graduate,No,4666,0.0,1,124.0,360.0,1.0,Semiurban,
629,Male,No,1,Graduate,No,5667,0.0,1,131.0,360.0,1.0,Urban,
630,Male,Yes,2,Graduate,No,4583,2916.0,2,200.0,360.0,1.0,Urban,
631,Male,Yes,3+,Graduate,No,3786,333.0,2,126.0,360.0,1.0,Semiurban,
632,Male,Yes,0,Graduate,No,9226,7916.0,2,300.0,360.0,1.0,Urban,
633,Male,No,0,Graduate,No,1300,3470.0,2,100.0,180.0,1.0,Semiurban,
634,Male,Yes,1,Not Graduate,No,1888,1620.0,2,48.0,360.0,1.0,Urban,
635,Female,No,3+,Not Graduate,No,2083,0.0,1,28.0,180.0,1.0,Urban,
636,Male,No,0,Graduate,No,3909,0.0,1,101.0,360.0,1.0,Urban,
637,Female,No,0,Not Graduate,No,3765,0.0,1,125.0,360.0,1.0,Urban,
638,Male,Yes,0,Graduate,No,5400,4380.0,2,290.0,360.0,1.0,Urban,
639,Male,No,0,Graduate,No,0,24000.0,2,148.0,360.0,0.0,Rural,
640,Male,Yes,2,Graduate,No,4363,1250.0,2,140.0,360.0,1.0,Urban,
641,Male,Yes,0,Graduate,No,7500,3750.0,2,275.0,360.0,1.0,Urban,
642,Male,Yes,0,Graduate,No,3772,833.0,2,57.0,360.0,1.0,Semiurban,
643,Male,No,0,Graduate,No,2942,2382.0,2,125.0,180.0,1.0,Urban,
644,Female,No,0,Not Graduate,No,2478,0.0,1,75.0,360.0,1.0,Semiurban,
645,Male,Yes,2,Graduate,No,6250,820.0,2,192.0,360.0,1.0,Urban,
646,Male,No,0,Graduate,No,3268,1683.0,2,152.0,360.0,1.0,Semiurban,
647,Male,Yes,0,Graduate,No,2783,2708.0,2,158.0,360.0,1.0,Urban,
648,Male,Yes,0,Graduate,No,2740,1541.0,2,101.0,360.0,1.0,Urban,
649,Male,No,0,Graduate,No,3150,0.0,1,176.0,360.0,0.0,Semiurban,
650,Male,Yes,2,Graduate,No,7350,4029.0,2,185.0,180.0,1.0,Urban,
651,Male,Yes,0,Graduate,Yes,2267,2792.0,2,90.0,360.0,1.0,Urban,
652,Male,No,0,Graduate,Yes,5833,0.0,1,116.0,360.0,1.0,Urban,
653,Male,No,0,Graduate,No,3643,1963.0,2,138.0,360.0,1.0,Urban,
654,Male,Yes,0,Graduate,No,5629,818.0,2,100.0,360.0,1.0,Urban,
655,Female,No,0,Graduate,No,3644,0.0,1,110.0,360.0,1.0,Urban,
656,Male,Yes,0,Not Graduate,No,1750,2024.0,2,90.0,360.0,1.0,Semiurban,
657,Male,No,0,Graduate,No,6500,2600.0,2,200.0,360.0,1.0,Semiurban,
658,Female,No,0,Graduate,No,3666,0.0,1,84.0,360.0,1.0,Urban,
659,Male,Yes,0,Graduate,No,4260,3900.0,2,185.0,60.0,1.0,Urban,
660,Male,Yes,0,Not Graduate,No,4163,1475.0,2,162.0,360.0,1.0,Urban,
661,Male,No,0,Not Graduate,No,2356,1902.0,2,108.0,360.0,1.0,Semiurban,
662,Male,No,0,Graduate,No,6792,3338.0,2,187.0,240.0,1.0,Urban,
663,Male,Yes,3+,Not Graduate,Yes,8000,250.0,2,187.0,360.0,1.0,Semiurban,
664,Male,Yes,1,Graduate,No,2419,1707.0,2,124.0,360.0,1.0,Urban,
665,Male,Yes,3+,Not Graduate,No,3500,833.0,2,120.0,360.0,1.0,Semiurban,
666,Male,Yes,1,Graduate,No,3500,3077.0,2,160.0,360.0,1.0,Semiurban,
667,Male,Yes,2,Graduate,No,4116,1000.0,2,30.0,180.0,1.0,Urban,
668,Male,Yes,0,Not Graduate,Yes,5293,0.0,1,92.0,360.0,1.0,Urban,
669,Male,No,0,Graduate,No,2750,0.0,1,130.0,360.0,0.0,Urban,
670,Female,No,0,Not Graduate,No,4402,0.0,1,130.0,360.0,1.0,Rural,
671,Male,Yes,2,Graduate,No,3613,3539.0,2,134.0,180.0,1.0,Semiurban,
672,Female,Yes,2,Graduate,No,2779,3664.0,2,176.0,360.0,0.0,Semiurban,
673,Male,Yes,3+,Graduate,No,4720,0.0,1,90.0,180.0,1.0,Semiurban,
674,Male,Yes,0,Not Graduate,No,2415,1721.0,2,110.0,360.0,1.0,Semiurban,
675,Male,Yes,0,Graduate,Yes,7016,292.0,2,125.0,360.0,1.0,Urban,
676,Female,No,2,Graduate,No,4968,0.0,1,189.0,360.0,1.0,Semiurban,
677,Female,No,0,Graduate,No,2101,1500.0,2,108.0,360.0,0.0,Rural,
678,Male,Yes,3+,Not Graduate,No,4490,0.0,1,125.0,360.0,1.0,Urban,
679,Male,Yes,0,Graduate,No,2917,3583.0,2,138.0,360.0,1.0,Semiurban,
680,Male,Yes,0,Not Graduate,No,4700,0.0,1,135.0,360.0,0.0,Semiurban,
681,Male,Yes,0,Graduate,No,3445,0.0,1,130.0,360.0,0.0,Semiurban,
682,Male,Yes,0,Graduate,No,7666,0.0,1,187.0,360.0,1.0,Semiurban,
683,Male,Yes,0,Graduate,No,2458,5105.0,2,188.0,360.0,0.0,Rural,
684,Female,No,0,Graduate,No,3250,0.0,1,95.0,360.0,1.0,Semiurban,
685,Male,No,0,Graduate,No,4463,0.0,1,65.0,360.0,1.0,Semiurban,
686,Male,Yes,1,Graduate,No,4083,1775.0,2,139.0,60.0,1.0,Urban,
687,Male,Yes,0,Graduate,Yes,3900,2094.0,2,232.0,360.0,1.0,Rural,
688,Male,Yes,0,Not Graduate,No,4750,3583.0,2,144.0,360.0,1.0,Semiurban,
689,Male,No,0,Graduate,No,3583,3435.0,2,155.0,360.0,1.0,Urban,
690,Male,Yes,0,Graduate,No,3189,2367.0,2,186.0,360.0,1.0,Urban,
691,Male,No,0,Graduate,Yes,6356,0.0,1,50.0,360.0,1.0,Rural,
692,Male,Yes,1,Graduate,No,3413,4053.0,2,149.2970430107527,360.0,1.0,Semiurban,
693,Female,Yes,0,Graduate,No,7950,0.0,1,185.0,360.0,1.0,Urban,
694,Male,Yes,3+,Graduate,No,3829,1103.0,2,163.0,360.0,0.0,Urban,
695,Male,Yes,3+,Graduate,No,72529,0.0,1,360.0,360.0,1.0,Urban,
696,Male,Yes,2,Not Graduate,No,4136,0.0,1,149.0,480.0,0.0,Rural,
697,Male,Yes,0,Graduate,No,8449,0.0,1,257.0,360.0,1.0,Rural,
698,Male,Yes,0,Graduate,No,4456,0.0,1,131.0,180.0,0.0,Semiurban,
699,Male,Yes,2,Graduate,No,4635,8000.0,2,102.0,180.0,1.0,Rural,
700,Male,Yes,0,Graduate,No,3571,1917.0,2,135.0,360.0,1.0,Urban,
701,Male,No,0,Graduate,No,3066,0.0,1,95.0,360.0,1.0,Semiurban,
702,Male,No,2,Not Graduate,No,3235,2015.0,2,77.0,360.0,1.0,Semiurban,
703,Female,No,0,Graduate,No,5058,0.0,1,200.0,360.0,1.0,Rural,
704,Male,Yes,0,Graduate,Yes,3188,2286.0,2,130.0,360.0,1.0,Rural,
705,Male,Yes,3+,Graduate,No,13518,0.0,1,390.0,360.0,1.0,Rural,
706,Male,Yes,1,Graduate,No,4364,2500.0,2,185.0,360.0,1.0,Semiurban,
707,Male,Yes,2,Not Graduate,No,4766,1646.0,2,100.0,360.0,1.0,Semiurban,
708,Male,Yes,1,Graduate,No,4609,2333.0,2,123.0,360.0,0.0,Semiurban,
709,Female,Yes,3+,Graduate,No,6260,0.0,1,110.0,360.0,1.0,Semiurban,
710,Male,Yes,1,Graduate,No,3333,4200.0,2,256.0,360.0,1.0,Urban,
711,Male,Yes,0,Graduate,No,3500,3250.0,2,140.0,360.0,1.0,Semiurban,
712,Male,Yes,3+,Graduate,No,9719,0.0,1,61.0,360.0,1.0,Urban,
713,Male,Yes,3+,Graduate,No,6835,0.0,1,188.0,360.0,1.0,Semiurban,
714,Male,No,0,Graduate,No,4452,0.0,1,131.0,360.0,1.0,Rural,
715,Female,Yes,0,Graduate,No,2262,0.0,1,149.2970430107527,480.0,0.0,Semiurban,
716,Male,Yes,1,Graduate,No,3901,0.0,1,116.0,360.0,1.0,Urban,
717,Male,Yes,2,Not Graduate,No,2687,0.0,1,50.0,180.0,1.0,Rural,
718,Male,No,0,Graduate,No,2243,2233.0,2,107.0,360.0,1.0,Semiurban,
719,Female,Yes,0,Graduate,No,3417,1287.0,2,200.0,360.0,1.0,Semiurban,
720,Male,No,0,Graduate,No,1596,1760.0,2,119.0,360.0,0.0,Urban,
721,Male,Yes,3+,Graduate,No,4513,0.0,1,120.0,360.0,1.0,Rural,
722,Male,Yes,0,Graduate,No,4500,0.0,1,140.0,360.0,1.0,Semiurban,
723,Male,Yes,0,Not Graduate,No,4523,1350.0,2,165.0,360.0,1.0,Urban,
724,Female,No,0,Graduate,Yes,4742,0.0,1,108.0,360.0,1.0,Semiurban,
725,Male,Yes,0,Graduate,No,4082,0.0,1,93.0,360.0,1.0,Semiurban,
726,Female,No,0,Graduate,No,3417,0.0,1,102.0,360.0,1.0,Urban,
727,Female,Yes,2,Graduate,No,2922,3396.0,2,122.0,360.0,1.0,Semiurban,
728,Male,Yes,0,Graduate,No,4167,4754.0,2,160.0,360.0,1.0,Rural,
729,Male,No,3+,Graduate,No,4243,4123.0,2,157.0,360.0,1.0,Semiurban,
730,Female,No,0,Not Graduate,No,0,1760.0,2,180.0,360.0,1.0,Semiurban,
731,Male,Yes,1,Graduate,No,1516,2900.0,2,80.0,120.0,0.0,Rural,
732,Female,No,0,Graduate,No,1762,2666.0,2,104.0,360.0,0.0,Urban,
733,Male,Yes,2,Graduate,No,724,3510.0,2,213.0,360.0,0.0,Rural,
734,Male,No,0,Graduate,No,3125,0.0,1,65.0,360.0,1.0,Urban,
735,Male,Yes,0,Graduate,No,2333,3803.0,2,146.0,360.0,1.0,Rural,
736,Male,Yes,3+,Graduate,No,3350,1560.0,2,135.0,360.0,1.0,Urban,
737,Male,No,0,Graduate,No,2500,6414.0,2,187.0,360.0,0.0,Rural,
738,Female,No,0,Graduate,No,12500,0.0,1,300.0,360.0,0.0,Urban,
739,Male,No,0,Graduate,No,4667,0.0,1,120.0,360.0,1.0,Semiurban,
740,Male,No,0,Graduate,No,6500,0.0,1,71.0,360.0,0.0,Urban,
741,Male,Yes,2,Graduate,No,7500,0.0,1,225.0,360.0,1.0,Urban,
742,Male,No,0,Graduate,No,3073,0.0,1,70.0,180.0,1.0,Urban,
743,Male,Yes,1,Not Graduate,No,3321,2088.0,2,70.0,84.0,1.0,Semiurban,
744,Male,Yes,0,Graduate,No,3333,1270.0,2,124.0,360.0,1.0,Urban,
745,Male,No,0,Graduate,No,3391,0.0,1,132.0,360.0,1.0,Rural,
746,Male,Yes,1,Graduate,Yes,3343,1517.0,2,105.0,360.0,1.0,Rural,
747,Female,No,1,Graduate,No,3620,0.0,1,90.0,360.0,1.0,Urban,
748,Male,No,0,Graduate,No,4000,0.0,1,83.0,84.0,1.0,Urban,
749,Male,Yes,0,Graduate,No,4258,0.0,1,125.0,360.0,1.0,Urban,
750,Male,Yes,2,Graduate,No,4500,0.0,1,147.0,360.0,1.0,Rural,
751,Male,Yes,1,Graduate,No,2014,2925.0,2,120.0,360.0,1.0,Rural,
752,Male,No,0,Graduate,No,3333,1250.0,2,110.0,360.0,1.0,Semiurban,
753,Female,No,3+,Graduate,No,4083,0.0,1,103.0,360.0,1.0,Semiurban,
754,Male,No,0,Graduate,No,4727,0.0,1,150.0,360.0,0.0,Rural,
755,Male,Yes,3+,Graduate,No,3089,2999.0,2,100.0,240.0,1.0,Rural,
756,Male,Yes,3+,Not Graduate,No,6794,528.0,2,139.0,360.0,0.0,Urban,
757,Male,Yes,0,Graduate,Yes,32000,0.0,1,550.0,360.0,1.0,Semiurban,
758,Male,Yes,2,Graduate,Yes,10890,0.0,1,260.0,12.0,1.0,Rural,
759,Female,No,0,Graduate,No,12941,0.0,1,150.0,300.0,1.0,Urban,
760,Male,No,0,Not Graduate,No,3276,0.0,1,90.0,360.0,1.0,Semiurban,
761,Male,No,0,Not Graduate,Yes,8703,0.0,1,199.0,360.0,0.0,Rural,
762,Male,Yes,1,Graduate,No,4742,717.0,2,139.0,360.0,1.0,Semiurban,
763,Male,No,0,Graduate,No,5900,0.0,1,150.0,360.0,1.0,Urban,
764,Male,No,0,Graduate,No,3071,4309.0,2,180.0,360.0,1.0,Urban,
765,Male,Yes,0,Graduate,No,2783,1456.0,2,113.0,360.0,1.0,Urban,
766,Male,No,0,Graduate,No,5000,0.0,1,148.0,360.0,1.0,Rural,
767,Male,Yes,1,Not Graduate,No,2463,2360.0,2,117.0,360.0,0.0,Urban,
768,Male,Yes,2,Graduate,No,4855,0.0,1,72.0,360.0,1.0,Rural,
769,Male,No,0,Not Graduate,Yes,1599,2474.0,2,125.0,300.0,1.0,Semiurban,
770,Male,Yes,2,Graduate,Yes,4246,4246.0,2,214.0,360.0,1.0,Urban,
771,Male,Yes,0,Graduate,No,4333,2291.0,2,133.0,350.0,1.0,Rural,
772,Male,No,1,Graduate,No,5823,2529.0,2,187.0,360.0,1.0,Semiurban,
773,Male,Yes,0,Not Graduate,No,7895,0.0,1,143.0,360.0,1.0,Rural,
774,Male,No,0,Graduate,No,4150,4256.0,2,209.0,360.0,1.0,Rural,
775,Male,No,0,Graduate,No,2964,0.0,1,84.0,360.0,0.0,Semiurban,
776,Male,No,0,Graduate,No,5583,0.0,1,116.0,360.0,1.0,Urban,
777,Female,No,0,Graduate,No,2708,0.0,1,65.0,360.0,1.0,Rural,
778,Male,No,1,Graduate,No,3180,2370.0,2,80.0,240.0,1.0,Rural,
779,Male,No,0,Not Graduate,No,2268,0.0,1,170.0,360.0,0.0,Semiurban,
780,Male,No,2,Not Graduate,No,1141,2017.0,2,120.0,360.0,0.0,Urban,
781,Male,Yes,0,Graduate,No,3042,3167.0,2,135.0,360.0,1.0,Urban,
782,Female,Yes,3+,Graduate,No,1750,2935.0,2,94.0,360.0,0.0,Semiurban,
783,Female,Yes,1,Graduate,No,3564,0.0,1,79.0,360.0,1.0,Rural,
784,Female,No,0,Graduate,No,3958,0.0,1,110.0,360.0,1.0,Rural,
785,Male,Yes,2,Not Graduate,No,4483,0.0,1,130.0,360.0,1.0,Rural,
786,Male,Yes,0,Graduate,No,5225,0.0,1,143.0,360.0,1.0,Rural,
787,Male,No,0,Graduate,No,3017,2845.0,2,159.0,180.0,0.0,Urban,
788,Male,Yes,0,Not Graduate,No,2431,1820.0,2,110.0,360.0,0.0,Rural,
789,Male,Yes,2,Graduate,No,4912,4614.0,2,160.0,360.0,1.0,Rural,
790,Male,Yes,2,Not Graduate,No,2500,3333.0,2,131.0,360.0,1.0,Urban,
791,Female,No,0,Graduate,No,2918,0.0,1,65.0,360.0,1.0,Rural,
792,Male,Yes,2,Graduate,No,5128,0.0,1,143.0,360.0,1.0,Rural,
793,Male,Yes,3+,Graduate,No,15312,0.0,1,187.0,360.0,1.0,Urban,
794,Male,Yes,2,Graduate,No,3958,2632.0,2,160.0,360.0,1.0,Semiurban,
795,Male,Yes,0,Graduate,No,4334,2945.0,2,165.0,360.0,1.0,Semiurban,
796,Male,Yes,2,Graduate,No,4358,0.0,1,110.0,360.0,1.0,Urban,
797,Female,Yes,1,Graduate,No,4000,3917.0,2,173.0,360.0,1.0,Rural,
798,Male,Yes,3+,Graduate,No,10166,750.0,2,150.0,240.0,1.0,Urban,
799,Male,Yes,0,Not Graduate,No,4483,0.0,1,135.0,360.0,1.0,Semiurban,
800,Male,Yes,2,Not Graduate,No,4521,1184.0,2,150.0,360.0,1.0,Semiurban,
801,Male,Yes,2,Graduate,No,9167,0.0,1,235.0,360.0,1.0,Semiurban,
802,Male,Yes,0,Not Graduate,No,13083,0.0,1,118.47142857142858,360.0,1.0,Rural,
803,Male,Yes,2,Graduate,No,7874,3967.0,2,336.0,360.0,1.0,Rural,
804,Female,Yes,1,Graduate,No,4333,0.0,1,132.0,84.0,1.0,Rural,
805,Male,No,0,Graduate,No,4083,0.0,1,96.0,360.0,1.0,Urban,
806,Male,Yes,2,Not Graduate,No,3785,2912.0,2,180.0,360.0,0.0,Rural,
807,Male,Yes,3+,Not Graduate,No,2654,1998.0,2,128.0,360.0,0.0,Rural,
808,Male,Yes,1,Graduate,No,10000,2690.0,2,412.0,360.0,1.0,Semiurban,
809,Male,No,0,Graduate,Yes,5833,0.0,1,116.0,360.0,1.0,Urban,
810,Male,Yes,1,Graduate,No,4796,0.0,1,114.0,360.0,0.0,Semiurban,
811,Male,Yes,0,Not Graduate,No,2000,1600.0,2,115.0,360.0,1.0,Rural,
812,Male,Yes,2,Graduate,No,2540,700.0,2,104.0,360.0,0.0,Urban,
813,Male,Yes,0,Graduate,Yes,1900,1442.0,2,88.0,360.0,1.0,Rural,
814,Male,Yes,0,Graduate,Yes,8706,0.0,1,108.0,480.0,1.0,Rural,
815,Male,Yes,3+,Not Graduate,No,2855,542.0,2,90.0,360.0,1.0,Urban,
816,Male,Yes,0,Graduate,No,3016,1300.0,2,100.0,360.0,1.0,Urban,
817,Female,Yes,0,Graduate,No,3159,2374.0,2,108.0,360.0,1.0,Semiurban,
818,Female,No,0,Graduate,No,1937,1152.0,2,78.0,360.0,1.0,Semiurban,
819,Male,Yes,0,Graduate,No,2613,2417.0,2,123.0,360.0,1.0,Semiurban,
820,Male,Yes,1,Graduate,No,4960,2600.0,2,187.0,360.0,1.0,Semiurban,
821,Male,Yes,1,Graduate,No,3074,1083.0,2,146.0,360.0,1.0,Semiurban,
822,Female,No,0,Graduate,No,4213,0.0,1,80.0,360.0,1.0,Urban,
823,Male,No,1,Not Graduate,No,2038,4027.0,2,100.0,360.0,1.0,Rural,
824,Female,No,0,Graduate,No,2362,0.0,1,55.0,360.0,1.0,Urban,
825,Male,No,0,Graduate,No,5333,2400.0,2,200.0,360.0,0.0,Rural,
826,Male,Yes,3+,Graduate,Yes,5384,0.0,1,150.0,360.0,1.0,Semiurban,
827,Male,No,0,Graduate,No,5708,0.0,1,150.0,360.0,1.0,Rural,
828,Male,Yes,0,Not Graduate,No,3754,3719.0,2,118.0,60.0,1.0,Rural,
829,Male,Yes,0,Not Graduate,No,2914,2130.0,2,150.0,300.0,1.0,Urban,
830,Male,Yes,0,Not Graduate,No,2747,2458.0,2,118.0,36.0,1.0,Semiurban,
831,Male,Yes,0,Graduate,No,7830,2183.0,2,212.0,360.0,1.0,Rural,
832,Male,Yes,1,Graduate,Yes,3507,3148.0,2,212.0,360.0,1.0,Rural,
833,Male,Yes,1,Graduate,No,3747,2139.0,2,125.0,360.0,1.0,Urban,
834,Male,Yes,0,Graduate,No,2166,2166.0,2,108.0,360.0,1.0,Urban,
835,Male,Yes,0,Not Graduate,No,3500,2168.0,2,149.0,360.0,1.0,Rural,
836,Male,Yes,2,Not Graduate,No,2896,0.0,1,80.0,480.0,1.0,Urban,
837,Female,No,1,Graduate,No,5062,0.0,1,152.0,300.0,1.0,Rural,
838,Female,No,2,Graduate,Yes,5184,0.0,1,187.0,360.0,0.0,Semiurban,
839,Female,No,0,Graduate,No,2545,0.0,1,74.0,360.0,1.0,Urban,
840,Male,Yes,0,Graduate,No,2553,1768.0,2,102.0,360.0,1.0,Urban,
841,Male,Yes,1,Graduate,No,3436,3809.0,2,100.0,360.0,1.0,Rural,
842,Male,No,0,Graduate,No,2412,2755.0,2,130.0,360.0,1.0,Rural,
843,Male,Yes,3+,Not Graduate,No,5180,0.0,1,125.0,360.0,0.0,Urban,
844,Male,No,0,Graduate,No,14911,14507.0,2,130.0,360.0,1.0,Semiurban,
845,Male,No,0,Graduate,Yes,2860,2988.0,2,138.0,360.0,1.0,Urban,
846,Male,Yes,0,Graduate,No,1173,1594.0,2,28.0,180.0,1.0,Rural,
847,Female,No,1,Graduate,No,7600,0.0,1,92.0,360.0,1.0,Semiurban,
848,Female,Yes,0,Graduate,No,2157,1788.0,2,104.0,360.0,1.0,Urban,
849,Male,No,0,Graduate,No,2231,2774.0,2,176.0,360.0,0.0,Urban,
850,Female,No,0,Graduate,No,2274,5211.0,2,117.0,360.0,0.0,Semiurban,
851,Male,Yes,2,Not Graduate,No,6166,13983.0,2,102.0,360.0,1.0,Rural,
852,Male,Yes,2,Not Graduate,No,2513,1110.0,2,107.0,360.0,1.0,Semiurban,
853,Male,No,0,Graduate,No,4333,0.0,1,66.0,480.0,1.0,Urban,
854,Male,No,0,Not Graduate,No,3844,0.0,1,105.0,360.0,1.0,Urban,
855,Male,Yes,0,Graduate,No,3887,1517.0,2,105.0,360.0,0.0,Semiurban,
856,Male,Yes,0,Graduate,No,3510,828.0,2,105.0,360.0,1.0,Semiurban,
857,Male,Yes,0,Graduate,No,2539,1704.0,2,125.0,360.0,0.0,Rural,
858,Female,No,0,Not Graduate,No,2107,0.0,1,64.0,360.0,1.0,Semiurban,
859,Male,Yes,0,Graduate,No,3186,3145.0,2,150.0,180.0,0.0,Semiurban,
860,Male,Yes,2,Graduate,Yes,5000,2166.0,2,150.0,360.0,1.0,Urban,
861,Male,Yes,0,Graduate,No,10000,0.0,1,149.2970430107527,360.0,1.0,Urban,
862,Male,Yes,0,Not Graduate,Yes,3943,0.0,1,64.0,360.0,1.0,Semiurban,
863,Male,No,0,Graduate,No,2925,0.0,1,40.0,180.0,1.0,Rural,
864,Male,Yes,3+,Graduate,No,3242,437.0,2,142.0,480.0,0.0,Urban,
865,Male,Yes,0,Graduate,No,3863,0.0,1,70.0,300.0,1.0,Semiurban,
866,Female,No,1,Graduate,No,4028,0.0,1,131.0,360.0,1.0,Semiurban,
867,Male,Yes,2,Graduate,No,4010,1025.0,2,120.0,360.0,1.0,Urban,
868,Female,Yes,1,Graduate,No,3719,1585.0,2,114.0,360.0,1.0,Urban,
869,Male,No,0,Graduate,No,2858,0.0,1,123.0,360.0,0.0,Rural,
870,Female,Yes,0,Graduate,No,3833,0.0,1,92.0,360.0,1.0,Rural,
871,Male,Yes,0,Graduate,No,3333,4288.0,2,160.0,360.0,1.0,Urban,
872,Male,Yes,0,Graduate,No,3007,3725.0,2,151.0,360.0,1.0,Rural,
873,Female,No,1,Graduate,No,1850,4583.0,2,81.0,360.0,1.0,Rural,
874,Male,Yes,3+,Not Graduate,No,2792,2619.0,2,171.0,360.0,1.0,Semiurban,
875,Male,Yes,0,Graduate,No,2982,1550.0,2,110.0,360.0,1.0,Semiurban,
876,Male,No,0,Graduate,No,3417,738.0,2,100.0,360.0,1.0,Rural,
877,Male,Yes,1,Graduate,No,18840,0.0,1,234.0,360.0,1.0,Rural,
878,Male,Yes,2,Graduate,No,2995,1120.0,2,184.0,360.0,1.0,Rural,
879,Male,No,0,Graduate,No,3579,3308.0,2,138.0,360.0,1.0,Semiurban,
880,Female,Yes,1,Not Graduate,No,3835,1400.0,2,112.0,480.0,0.0,Urban,
881,Female,No,1,Not Graduate,No,3854,3575.0,2,117.0,360.0,1.0,Rural,
882,Male,Yes,2,Graduate,No,5833,750.0,2,49.0,360.0,0.0,Rural,
883,Male,No,0,Graduate,No,3508,0.0,1,99.0,360.0,1.0,Rural,
884,Female,Yes,3+,Not Graduate,No,1635,2444.0,2,99.0,360.0,1.0,Urban,
885,Female,No,0,Graduate,Yes,3333,3916.0,2,212.0,360.0,1.0,Rural,
886,Male,No,1,Graduate,No,24797,0.0,1,240.0,360.0,1.0,Semiurban,
887,Male,Yes,2,Graduate,No,5667,440.0,2,130.0,360.0,0.0,Semiurban,
888,Female,No,0,Graduate,No,3500,0.0,1,94.0,360.0,0.0,Semiurban,
889,Male,Yes,3+,Graduate,No,2773,1497.0,2,108.0,360.0,1.0,Semiurban,
890,Male,Yes,0,Graduate,No,6500,0.0,1,144.0,360.0,1.0,Urban,
891,Female,No,0,Graduate,No,5769,0.0,1,110.0,180.0,1.0,Semiurban,
892,Male,Yes,3+,Not Graduate,No,3634,910.0,2,176.0,360.0,0.0,Semiurban,
893,Male,No,0,Graduate,No,29167,0.0,1,185.0,360.0,1.0,Semiurban,
894,Male,No,0,Graduate,No,2166,2057.0,2,122.0,360.0,1.0,Semiurban,
895,Male,Yes,0,Graduate,No,5000,0.0,1,126.0,360.0,1.0,Rural,
896,Female,No,0,Graduate,No,5530,0.0,1,135.0,360.0,1.0,Urban,
897,Male,No,0,Not Graduate,No,9000,0.0,1,122.0,360.0,1.0,Rural,
898,Female,Yes,2,Graduate,No,10000,11666.0,2,460.0,360.0,1.0,Urban,
899,Male,Yes,1,Graduate,No,8750,0.0,1,297.0,360.0,1.0,Urban,
900,Male,Yes,0,Not Graduate,No,2157,2730.0,2,140.0,360.0,1.0,Rural,
901,Male,No,0,Graduate,No,1972,4347.0,2,106.0,360.0,1.0,Rural,
902,Male,No,0,Graduate,No,4983,0.0,1,141.0,360.0,1.0,Urban,
903,Male,Yes,1,Graduate,No,8333,4000.0,2,149.2970430107527,360.0,1.0,Urban,
904,Male,Yes,0,Graduate,No,3667,2000.0,2,170.0,360.0,1.0,Semiurban,
905,Male,Yes,2,Graduate,No,3166,2833.0,2,145.0,360.0,1.0,Urban,
906,Male,No,0,Not Graduate,No,3271,0.0,1,90.0,360.0,1.0,Rural,
907,Female,Yes,0,Graduate,No,2241,2000.0,2,88.0,360.0,0.0,Urban,
908,Male,Yes,1,Not Graduate,No,1792,2565.0,2,128.0,360.0,1.0,Urban,
909,Female,Yes,0,Graduate,No,2666,0.0,1,84.0,480.0,1.0,Semiurban,
910,Male,No,0,Graduate,No,6478,0.0,1,108.0,360.0,1.0,Semiurban,
911,Male,No,0,Not Graduate,No,3808,0.0,1,83.0,360.0,1.0,Rural,
912,Female,Yes,2,Not Graduate,No,3729,0.0,1,117.0,360.0,1.0,Semiurban,
913,Male,Yes,2,Graduate,No,4120,0.0,1,128.0,360.0,1.0,Rural,
914,Male,Yes,1,Graduate,Yes,7500,0.0,1,75.0,360.0,1.0,Urban,
915,Male,Yes,1,Graduate,No,6300,0.0,1,125.0,360.0,0.0,Urban,
916,Female,No,0,Graduate,Yes,14987,0.0,1,177.0,360.0,1.0,Rural,
917,Male,Yes,1,Not Graduate,Yes,570,2125.0,2,68.0,360.0,1.0,Rural,
918,Male,Yes,0,Graduate,No,2600,700.0,2,96.0,360.0,1.0,Semiurban,
919,Male,No,2,Not Graduate,No,2733,1083.0,2,180.0,360.0,1.0,Semiurban,
920,Male,Yes,2,Graduate,Yes,7500,0.0,1,183.0,360.0,1.0,Rural,
921,Male,Yes,2,Not Graduate,No,3859,0.0,1,121.0,360.0,1.0,Rural,
922,Male,Yes,1,Graduate,No,6825,0.0,1,162.0,360.0,1.0,Rural,
923,Male,Yes,0,Graduate,No,3708,4700.0,2,132.0,360.0,1.0,Semiurban,
924,Male,No,0,Graduate,No,5314,0.0,1,147.0,360.0,1.0,Urban,
925,Female,No,3+,Graduate,No,2366,5272.0,2,153.0,360.0,0.0,Rural,
926,Male,No,0,Graduate,No,2066,2108.0,2,104.0,84.0,1.0,Urban,
927,Male,Yes,2,Graduate,No,5000,0.0,1,149.0,360.0,1.0,Rural,
928,Female,No,0,Graduate,No,3767,0.0,1,134.0,300.0,1.0,Urban,
929,Female,Yes,0,Graduate,No,7859,879.0,2,165.0,180.0,1.0,Semiurban,
930,Female,Yes,0,Graduate,No,4283,0.0,1,120.0,360.0,1.0,Rural,
931,Male,Yes,0,Not Graduate,No,1700,2900.0,2,67.0,360.0,0.0,Urban,
932,Male,No,0,Not Graduate,No,4768,0.0,1,125.0,360.0,1.0,Rural,
933,Male,No,0,Graduate,No,3083,2738.0,2,120.0,360.0,1.0,Urban,
934,Male,Yes,1,Graduate,No,2667,1542.0,2,148.0,360.0,1.0,Rural,
935,Female,Yes,0,Not Graduate,No,1647,1762.0,2,181.0,360.0,1.0,Urban,
936,Male,Yes,3+,Graduate,No,3400,0.0,1,80.0,120.0,1.0,Urban,
937,Male,No,1,Graduate,No,16000,5000.0,2,40.0,360.0,1.0,Semiurban,
938,Male,Yes,0,Graduate,No,5333,0.0,1,90.0,360.0,1.0,Rural,
939,Male,No,0,Graduate,No,2875,2416.0,2,95.0,6.0,0.0,Semiurban,
940,Male,Yes,1,Not Graduate,No,2600,618.0,2,122.0,360.0,1.0,Semiurban,
941,Male,Yes,2,Graduate,No,5041,700.0,2,150.0,360.0,1.0,Urban,
942,Male,Yes,3+,Graduate,Yes,6958,1411.0,2,150.0,360.0,1.0,Rural,
943,Male,Yes,1,Graduate,No,3500,1658.0,2,104.0,360.0,1.0,Semiurban,
944,Male,Yes,0,Graduate,No,5509,0.0,1,143.0,360.0,1.0,Rural,
945,Male,Yes,3+,Graduate,No,9699,0.0,1,300.0,360.0,1.0,Urban,
946,Female,Yes,1,Not Graduate,No,3621,2717.0,2,171.0,360.0,1.0,Urban,
947,Female,Yes,0,Graduate,No,4709,0.0,1,113.0,360.0,1.0,Semiurban,
948,Male,Yes,0,Graduate,No,1516,1951.0,2,35.0,360.0,1.0,Semiurban,
949,Male,No,2,Graduate,No,2400,0.0,1,46.0,360.0,1.0,Urban,
950,Female,No,0,Not Graduate,No,3015,2000.0,2,145.0,360.0,1.0,Urban,
951,Male,Yes,0,Graduate,No,2292,1558.0,2,119.0,360.0,1.0,Urban,
952,Male,Yes,1,Graduate,Yes,2360,3355.0,2,87.0,240.0,1.0,Rural,
953,Female,No,0,Graduate,No,4333,2333.0,2,162.0,360.0,0.0,Rural,
954,Male,Yes,0,Graduate,Yes,2623,4831.0,2,122.0,180.0,1.0,Semiurban,
955,Male,No,0,Graduate,Yes,3972,4275.0,2,187.0,360.0,1.0,Rural,
956,Male,Yes,3+,Not Graduate,No,3522,0.0,1,81.0,180.0,1.0,Rural,
957,Male,Yes,1,Graduate,No,4700,0.0,1,80.0,360.0,1.0,Urban,
958,Male,No,0,Graduate,No,6858,0.0,1,176.0,360.0,1.0,Rural,
959,Male,Yes,3+,Graduate,No,8334,0.0,1,260.0,360.0,1.0,Urban,
960,Male,Yes,0,Graduate,No,3391,1966.0,2,133.0,360.0,0.0,Rural,
961,Male,No,0,Not Graduate,No,2868,0.0,1,70.0,360.0,1.0,Urban,
962,Male,Yes,2,Not Graduate,No,3418,1380.0,2,135.0,360.0,1.0,Urban,
963,Male,Yes,0,Graduate,Yes,2500,296.0,2,137.0,300.0,1.0,Rural,
964,Male,Yes,2,Graduate,No,8667,0.0,1,254.0,360.0,1.0,Rural,
965,Male,No,0,Graduate,No,2283,15000.0,2,106.0,360.0,1.0,Rural,
966,Male,Yes,0,Graduate,No,5817,910.0,2,109.0,360.0,1.0,Urban,
967,Male,Yes,0,Graduate,No,5119,3769.0,2,120.0,360.0,1.0,Rural,
968,Male,Yes,3+,Not Graduate,No,5316,187.0,2,158.0,180.0,0.0,Semiurban,
969,Male,Yes,3+,Graduate,No,7603,1213.0,2,197.0,360.0,1.0,Urban,
970,Male,Yes,1,Graduate,No,3791,1936.0,2,85.0,360.0,1.0,Urban,
971,Male,No,0,Graduate,No,2500,0.0,1,60.0,360.0,1.0,Urban,
972,Male,Yes,2,Not Graduate,No,3132,0.0,1,76.0,360.0,1.0,Rural,
973,Male,No,0,Graduate,No,4000,2667.0,2,152.0,360.0,1.0,Semiurban,
974,Female,Yes,0,Graduate,No,8550,4255.0,2,96.0,360.0,1.0,Urban,
975,Male,Yes,1,Graduate,No,2269,2167.0,2,99.0,360.0,1.0,Semiurban,
976,Male,Yes,3+,Not Graduate,Yes,4009,1777.0,2,113.0,360.0,1.0,Urban,
977,Male,Yes,0,Graduate,No,4158,709.0,2,115.0,360.0,1.0,Urban,
978,Male,No,0,Graduate,No,3250,1993.0,2,126.0,360.0,1.0,Semiurban,
979,Male,Yes,0,Graduate,No,5000,2393.0,2,158.0,360.0,1.0,Rural,
980,Male,No,0,Graduate,Yes,9200,0.0,1,98.0,180.0,1.0,Rural,
